00007726,Kohen Rios,9
00002941,Maximilian Graves,100
00001755,Calum Gallegos,27
00004582,Rohan Patton,7
00008701,Avi Singh,32
00007243,Boston Hill,26
00002973,Cannon Barrett,93
00003624,Daxton Reilly,75
00009899,Karson Stewart,76
00001504,Titan Deleon,51
00005971,Javier Glover,75
00003341,Jack Becker,97
00006208,Riley Mcdaniel,84
00007175,Dalton Burke,51
00008252,Jaxtyn Herman,71
00005817,Alessandro Russo,64
00005672,Ray Guzman,47
00002487,Oakley Willis,2
00008441,Noe Alvarado,74
00004941,Hamza Quintana,20
00004552,Magnus Holmes,45
00006545,Luka West,62
00007474,Mekhi Munoz,84
00001409,Emmanuel Callahan,72
00000613,Judson Moon,9
00008648,Sylas Lam,6
00007026,Castiel Kline,69
00002786,Jason Evans,83
00008848,Ezekiel Bradley,22
00009029,Mathew Wolf,48
00008522,Rhys Carter,16
0000290:,Elliot Fitzgerald,18
00000435,Seth Gould,35
00009557,Walker Wilcox,86
00006241,Trenton Huber,30
00004045,Ruben Pham,43
00000471,Beckham Winters,49
00002863,Jamal Stuart,80
00003662,Rhys Sanchez,37
00003092,Guillermo Chavez,38
0000241:,Beckett Pittman,88
00003491,Marshall Rivera,85
0000029:,Kamari Briggs,68
00009272,Noe Clarke,19
00001679,Luca Houston,30
00001239,Kohen Warren,33
00001523,Koa Church,40
00005108,Wes Trejo,21
00001745,Shawn Lynn,31
00008858,Dallas Everett,37
00007874,Rhett Little,9
00001765,Talon Pittman,64
00003145,Gunnar White,73
0000169:,Milan Fleming,11
00008061,Rey Beck,4
00008677,Isaias Person,65
00006429,Jaiden Booth,26
00006632,Armani Hawkins,31
00004779,Raphael Valenzuela,26
00003442,Hayes Gilbert,96
00007933,Santos Preston,81
00008376,Kyrie Velez,76
00009518,Ethan Young,69
00004719,Solomon Calderon,43
00000066,Lian Villa,14
00005843,Alexander Sampson,40
00002036,Armando Bernard,64
00005422,Augustus Berger,98
00004211,Avery Campbell,75
0000637:,Beckham Callahan,24
00009448,Kendrick Leach,4
00008585,Khari Powell,58
0000904:,Lee Hurst,20
00008779,Grey Wilcox,30
00008974,Kase Charles,24
0000868:,Mathias Larson,79
00006904,Alberto Villarreal,75
00003572,Kaysen Cantrell,12
00002175,Finn Hull,54
00009668,Elio Harrington,8
00003921,Abraham Roberson,5
00006656,Uriah Morrison,13
00001601,Braylon Perkins,83
0000204:,Casen Marin,55
00003678,Cade Leblanc,41
00007353,Jayson Benjamin,60
0000903:,Conor Kaur,43
00005442,Malik Boyer,71
00005624,Braylon Mosley,76
0000833:,Enzo Gould,32
00009461,Sullivan Mendoza,52
00003634,Izaiah Campos,55
0000188:,Stefan Gross,81
00006441,Khari Lu,69
00001409,Finnegan Lucero,20
00006093,Angelo Guerrero,54
00001406,Braylon Whitehead,17
00002855,Jones Peterson,55
00003961,Jude Heath,70
00005682,Quinton Wells,65
00006296,Leo Mcdowell,14
0000689:,Blaise Terrell,75
00009664,Apollo Kelly,44
00001279,Rafael Ortega,56
0000799:,Larry Stephenson,9
00008391,Dillon Huerta,12
00004206,Elian Costa,16
00005037,Yaakov Alvarez,29
00004837,Roy Benton,11
00009049,Cody Valentine,99
00001732,Brooks Miles,93
00001726,Dexter Burke,80
00001794,Allen Snow,69
0000768:,Rowen Strickland,27
00001265,Emerson Warren,75
00008209,Lorenzo Drake,41
00003688,Nasir Hardin,26
00005718,Kaiser Vega,50
00005214,George Mcbride,70
00005998,Mathew Guzman,13
00005182,Ameer Cohen,3
00008326,Zaiden Allen,80
00002821,Oscar Aguilar,63
00004187,Jimmy Hebert,81
00004454,Brayan Henson,50
00008184,Cairo Finley,82
00007659,Legacy Rose,18
00000642,Cade Chase,32
00006936,Leonardo Montgomery,1
00002916,Zahir Levy,89
00006883,Jayden Madden,31
00002896,Elio Rodgers,15
00007153,Max Chandler,100
00005482,Cristian Richmond,94
00005199,Elisha Singh,95
0000381:,Wilder Curtis,29
00003751,Dominik Callahan,61
0000897:,Maurice Stark,21
00009915,Zechariah King,41
00007828,Neil Summers,76
00004842,Joey Richards,80
00002456,Taylor Brandt,38
00004401,Miles Schaefer,38
00002168,Jayson Moran,32
00002966,Khari Quintero,6
00008394,Alejandro Garcia,72
00008753,Sylas Cook,84
00003599,Xander Sanchez,84
00001403,Aydin Durham,70
00003971,Thiago Yang,41
00001965,Reuben Doyle,82
00009263,Kai Perry,74
00006499,Ronald Jordan,31
00001775,Luke Butler,47
00002736,Josue Riley,49
00006684,Johan Sanchez,4
00007239,Kye Calderon,69
00003268,Zeke Hurley,69
00000967,Kace Lozano,67
00008216,Graham Vu,44
00007231,Theodore Good,61
00002484,Ayaan Whitaker,7
00003782,Hugo Church,32
0000028:,Lian Greer,79
00006616,Boston Richmond,53
00006337,Cesar Hahn,44
00007405,Charles Norton,98
00001534,Bruno Case,59
00006993,Jaxtyn Flowers,39
00007768,Harrison Huffman,9
00008674,Sincere Mccarthy,2
00008269,Carl Callahan,47
00005628,Watson Jackson,88
00004706,Jakari Robertson,3
00006612,Mark Charles,80
00003153,Franklin Wiggins,81
00006466,Jair Collins,19
00002116,Matthew Winters,7
00003935,Alfredo Dixon,87
00001696,John Berry,58
00008075,Harlan Lucero,85
00003165,Ishaan Rosas,76
00000864,Mario Leach,82
00000089,Krew Herring,31
00008389,Phoenix Norman,12
00005629,Devin Richardson,98
00004706,Abel Walls,94
00002225,Jamie Pope,65
00000096,Enoch Rios,58
00000221,Dax Faulkner,92
00001165,Christopher Pearson,83
00005004,Lian Dudley,44
00000279,Rayden Norris,29
00006736,Omari Wilcox,42
00005675,Van Gillespie,28
00004902,Benedict Hunt,96
0000770:,Zayd Grant,86
00004615,Saint Richards,62
00002086,Landen Parrish,63
00001264,Ramon Pollard,10
