0000245:,Salvatore Acosta
00003192,Arthur Park
00008535,Idris Vega
00004753,Allen Ramirez
00001038,Carter Barnes
00006889,Kameron Knox
00001805,Titan Kemp
00007088,Zev Boone
0000489:,Saul Richmond
00008867,Wilder Cortes
00001626,Keaton Taylor
00006333,Austin Mullen
00001631,Johnny Keller
00001818,Jayce Finley
00001259,Preston Drake
00006414,Philip Garrett
00008475,Lorenzo Murray
00000356,Kane Richmond
00007975,Derrick Larsen
00006154,Duke Deleon
00005652,Sonny Gibson
00005041,Jabari Solis
00009795,Brixton Wolfe
00009029,Noe Castaneda
00005263,Rocco Evans
00006461,Keith Roy
00000847,Jamari Hill
00008315,Leonardo Murray
00006277,Memphis Ibarra
00009829,Maximus Short
00006449,Zaiden Hahn
00007462,Calvin Olson
0000094:,Riggs Reeves
00003507,Patrick Newton
00008312,Carmelo Foster
00008531,Cooper Prince
0000458:,Pedro Shepherd
00002186,Roy Bernal
00008254,Samuel Marks
00009468,Everest Golden
00002903,Robert Delacruz
00001475,Mark Dalton
00000864,Ira Beasley
00002472,Calum Donaldson
00006767,Benjamin Callahan
00002917,Maverick Richards
00005523,Declan Atkinson
00008657,Wells Nolan
00001232,Nikolai Ramirez
00006885,Adriel Krueger
00002826,Colter Huang
00008766,Matthew Weeks
00006396,Ruben Romero
00002655,Ephraim Marin
00000439,Matias Rivers
00002286,Koa Silva
00006608,Junior Cruz
00003841,Nolan Schwartz
00009424,Philip Portillo
00002261,Justin Montoya
00004945,Flynn Davidson
00009843,Jordan Rivers
00008822,Kian May
00006056,Marcos Dudley
00000162,Lance Kirby
00000363,Andre Hill
0000114:,Jamal Costa
00006687,Daxton Skinner
00002203,Brody Esparza
00005446,Ari Diaz
0000957:,Callum Bradley
00003807,Kash Santiago
00006335,Caleb Graham
00007411,Kyro Truong
00002359,Darren Oneal
00008763,Jose Mcintyre
00005491,Alfred Webb
00005683,Khalid Leon
00005317,Grey Duran
00001936,Donovan Cuevas
00002411,Brayan Mcfarland
00000039,Kason Valencia
00000961,Leo Davila
00005397,Castiel Zimmerman
00008939,Brody Pitts
00004036,Karter Watson
00005193,Karson Cuevas
00008725,Alvaro Foster
00001715,Jamison Ware
00004576,Crosby Sparks
00001344,Bradley Stephenson
00007335,Ricky Deleon
00002936,Lorenzo Alvarado
00007258,Mylo Singh
00003746,Joel Escobar
00001483,Callen Conley
00005415,Benjamin Aguirre
00002855,Julius Huerta
00009226,Rocky Douglas
00002798,Zyaire Clarke
00002546,Ameer Fernandez
00002901,Xander Hudson
00002449,Nathan Sims
0000461:,Rocky Shelton
00007695,Kaison Sullivan
00004269,Rafael Reyna
00000199,Joaquin Kramer
00004981,Dakari Sheppard
00001219,Wesson Maynard
00002361,Corbin Keller
0000180:,Anakin Ayala
00001847,Frank Harris
00002071,Wells Olson
00004057,Alijah Sellers
00005452,Karson Calderon
00004607,Ahmad Curry
00008282,Remington Conley
00009134,Abram Sawyer
00006791,Sean Kline
00004059,Ezra Vasquez
00001324,Tucker Mckay
00009042,Nathanael Maxwell
00000448,Brantley Cabrera
00007548,Leroy Mcmillan
00004639,Rene King
00001116,Stetson Prince
00007253,Bryant Howard
00008938,Jaxx Lambert
00002959,Lian Norton
00004784,Kye Stein
00003568,Eliam Vang
00003778,Justice Norton
00008705,Zahir Woodward
00007423,Jedidiah Lloyd
00000366,Ismael Gonzales
00008847,Jimmy Dyer
00001904,Messiah Chen
00002588,Miles Marsh
00007942,Khari Huynh
00007207,Baker Roach
0000100:,Kevin Charles
00004331,Eithan Gentry
00008961,Jesse Gaines
00009864,Allan Harrell
00002182,Grayson Maynard
00003281,Dominick Ventura
00000551,Muhammad Thompson
00009661,Makai Brennan
00003332,Chandler Oneill
00002815,Corey Frazier
00008516,Kareem Kennedy
00004018,Joey Robertson
00009762,Enrique Sparks
00007953,Gatlin Maxwell
00007498,Jesiah Wong
00009733,Kace Ponce
00008612,Odin Bradley
00002382,Abdiel Coffey
0000267:,Bryson Sheppard
00001139,Max Heath
00006577,Jaxxon Guevara
00007512,Kelvin Mccullough
0000096:,Dylan Krueger
00007279,James Pittman
00005998,Waylon Wheeler
00007111,Kye Bruce
00004339,Cal Sierra
00003569,Eden Short
00009249,Kyler Diaz
0000156:,Josiah Franklin
00003643,Zander Summers
00002648,Nathanael Villegas
00004034,Ryder Nichols
00008376,Santos Enriquez
00009622,Azariah Reyna
00009945,Elliott Reynolds
00007379,Henrik Munoz
00003892,Nikolai Baker
00009647,Jonah Ellison
00005753,Jair Murillo
00000538,Jesus Cardenas
00007166,Kellan Mcguire
0000042:,Fabian Snow
00004378,Onyx Phelps
00004437,Parker Sullivan
00000065,Gianni Ramsey
00003189,Mario Frederick
00009869,Amias Wallace
00007812,Jerry Daniel
00007764,Ahmad Parsons
00006369,Ayaan Potter
00005258,Zev Sweeney
00004236,Gunner Pugh
00003771,Rory Esquivel
00007607,Lawson Medina
00006172,Dylan Mcmahon
00003842,Brayan Lamb
00006687,Spencer Preston
00005857,Sergio Glenn
00009597,Jamari Best
