1,Alvaro Stein
2,Lane Hamilton
3,Bryce Gardner
4,Remington Hansen
5,Enzo Simpson
6,Archie Oneill
7,Jack Leonard
8,Damir Moody
9,Eliel Mccarthy
10,Scott Cortez
11,Dorian Small
12,Lochlan Neal
13,Myles Marquez
14,Colter Marsh
15,Khalid Day
16,Ronald Rasmussen
17,Jamie Fuller
18,Johnny Lloyd
19,Jace Mora
20,Beckham Bernal
21,Anakin Lindsey
22,Joseph Villalobos
23,Ayaan Mccall
24,Westin Brennan
25,Lawson Cuevas
26,Yisroel Choi
27,Augustine Cisneros
28,Garrett Jensen
29,Arian Salinas
30,Creed Hartman
31,Bryan Reilly
32,Legend Fletcher
33,Alfred Kane
34,Jaziel Davidson
35,Trace Cameron
36,Jamie Guevara
37,Holden Webster
38,Guillermo Morrow
39,Jayceon Donovan
40,Baylor Beck
41,Ocean Orr
42,Ameer Glover
43,Cain Le
44,Ray Lynn
45,Mohammad Warner
46,Nelson Vazquez
47,Azrael Rangel
48,Mason Palacios
49,Maxton Fischer
50,Callum Cruz
51,Weston Peck
52,Andres Kirk
53,Kellen Warner
54,Joey Scott
55,Sean Rodgers
56,Leif Crawford
57,Johnathan Golden
58,Kendrick Jefferson
59,Theodore Rosario
60,Tatum Jimenez
61,Kolton Corona
62,Mario Hamilton
63,Alan Huff
64,Luca Mullen
65,Dimitri Orr
66,Caiden Mcgee
67,Davis Benitez
68,Erik Wilkinson
69,Princeton Medrano
70,Nixon Guzman
71,Otis Meyer
72,Adrien Mcdowell
73,Rhett Crane
74,Finley Mcguire
75,Ayden Navarro
76,Dexter Harrison
77,Zaiden Thompson
78,Colten Branch
79,Azael Reynolds
80,Aldo Rose
81,Marvin Acosta
82,Eden Montoya
83,Creed Suarez
84,Lucca Fields
85,Samuel Sheppard
86,Russell Valentine
87,Leroy Schmitt
88,Michael Perez
89,Erik Joseph
90,Jericho House
91,Cayden Wilson
92,Nicholas Cortes
93,Bear Cortez
94,Christopher Bernard
95,Coleson Arias
96,Phillip Frazier
97,Cameron Jarvis
98,Nicholas Odom
99,Arlo Lowery
100,Kabir Webster
101,Leandro Curry
102,Marco Strong
103,Ibrahim Newman
104,Kyrie Thomas
105,Kabir Robbins
106,Shepherd Clay
107,Deacon Nash
108,Justin Stephenson
109,Alessandro Peralta
110,Brayden Vasquez
111,Ozzy Mullins
112,Quentin Ingram
113,Damari Barr
114,Dilan Prince
115,Aiden Sanders
116,Coleson Avery
117,Eli Sandoval
118,Watson Frost
119,Bryant Travis
120,Hezekiah Mccall
121,Samuel Cantu
122,Brayden Fields
123,Wilson Wilkins
124,Dash Ali
125,Christopher Montoya
126,Bjorn Oneal
127,Alaric Boyd
128,Granger Bridges
129,Keegan Leblanc
130,Magnus Ruiz
131,Manuel Dickerson
132,Niko Little
133,Maxwell Ali
134,Brooks Wyatt
135,Jakari Hobbs
136,Leon Estes
137,Remington Archer
138,Jeremiah Gonzales
139,Grant Barr
140,Alex Lester
141,Koda Esparza
142,Bo Medina
143,Forrest Roberts
144,Zayn Parrish
145,Zechariah Ramos
146,Ryland Mercado
147,Arjun Mathis
148,Judah Williamson
149,Howard Hines
150,Ernesto Moses
151,Thaddeus Espinosa
152,Duke Hoover
153,Ahmad Wong
154,Landyn Morris
155,Roger Quinn
156,Onyx Mcconnell
157,Zyair Chandler
158,Allen Ponce
159,Lachlan Boyd
160,Caspian Villa
161,Vance Villa
162,Emmitt Frank
163,Onyx Schmitt
164,Jesse Conway
165,Alfred Henson
166,Matthias Lynch
167,Chance Ahmed
168,Remington Benitez
169,Kiaan Horton
170,Sullivan Huber
171,Tadeo House
172,Wade Weber
173,Lawrence Palmer
174,Korbin Valenzuela
175,Troy Hopkins
176,Preston Cummings
177,Chandler Deleon
178,Bridger Lugo
179,Roland Villegas
180,Tanner Frazier
181,Mitchell Gross
182,Boston Deleon
183,Trenton Hobbs
184,Ridge Duarte
185,Wesson Vargas
186,Kason Strickland
187,Axl Bell
188,Ezra Clements
189,Luca Gutierrez
190,Landon Elliott
191,Reuben Yang
192,Riley Hoover
193,Chase Newman
194,Trenton Wilkinson
195,Mateo Terrell
196,Ryland Bryan
197,Israel Mosley
198,Boston Patel
199,Noel Ballard
200,Xavier Larsen
201,Enrique Davis
202,Ryker Barrett
203,Carson Cardenas
204,Malakai Andersen
205,Keanu Horne
206,Kaiser Turner
207,Daniel Walter
208,Declan Nash
209,Camilo Rush
210,Edward Rojas
211,Jamie Graham
212,Gerardo Yoder
213,Douglas Lewis
214,Jack Orr
215,Jaxton Weeks
216,Jaiden Faulkner
217,Huxley David
218,Salvatore Cox
219,Khari Crane
220,Shepherd Huynh
221,Ellis Bauer
222,Jaxton Blake
223,Zyaire Padilla
224,Dangelo Morales
225,Kyree Rubio
226,Ahmad Beck
227,Remi Gaines
228,Sullivan Schmidt
229,Ermias Phan
230,Santiago Peck
231,Harley Hester
232,Phoenix Santana
233,Preston Diaz
234,Cody Frank
235,Edgar Cummings
236,Angel Bell
237,Onyx Rivas
238,Adonis Cordova
239,Kyson Anthony
240,Kyler Lester
241,Hudson Singh
242,Shepherd Caldwell
243,Abram Hicks
244,Brayan Henderson
245,Allen Porter
246,Zeke Charles
247,Leonel Frederick
248,Bjorn Weeks
249,Christopher Aguirre
250,Oakley Pierce
251,Grady Richards
252,Kristian Nichols
253,Thaddeus Castillo
254,Clayton Goodwin
255,Dallas Camacho
256,Wes Landry
257,Byron Montes
258,Giovanni Harding
259,Axl Shaw
260,Adam Bruce
261,Matthew Kline
262,Ahmir Davis
263,Castiel Fitzgerald
264,Deacon Gates
265,Jamari Hurley
266,Alejandro King
267,Kace Villarreal
268,Damon Sharp
269,Theo Franklin
270,William Harper
271,Marvin Obrien
272,Orion Patterson
273,Gideon Myers
274,Harley Russo
275,Landry Sampson
276,Waylon Rangel
277,Axton Yates
278,Hamza Russo
279,Amir Oliver
280,Isaias Pierce
281,Zavier Kennedy
282,Davian Manning
283,Ernesto May
284,Yaakov Felix
285,Niko Patton
286,Maxwell Heath
287,Mohamed Olson
288,Camden Bowen
289,Alistair Mosley
290,Edward Lane
291,Riggs Cline
292,Moses Wells
293,Alonso Sandoval
294,Lucas Erickson
295,Cannon Humphrey
296,Benedict Henry
297,Koda Reynolds
298,Sutton Acevedo
299,Riggs Ashley
300,Baker Mcconnell
301,Eli Robles
302,Byron Reynolds
303,Xavier May
304,Bishop Guevara
305,Chandler Mueller
306,Rayan Acevedo
307,Issac Boyle
308,Brecken Wu
309,Victor Phan
310,Quinn Gross
311,Drake Rollins
312,Axton Dyer
313,Rex Dunlap
314,Aryan Whitney
315,Reuben Padilla
316,Micah Gillespie
317,Brayan Poole
318,Abdullah Burch
319,Nova Molina
320,Milo Pace
321,Kole Dickerson
322,Jack Waters
323,Legacy Melendez
324,Quentin Mccoy
325,Nikolai Crosby
326,Rodney Carrillo
327,Aldo Guevara
328,Oakley Stafford
329,Clayton Crosby
330,Devon Riley
331,Wes Flynn
332,Nikolai Bryant
333,Connor Conley
334,Uriel Zhang
335,Jaxx Murphy
336,Yehuda Gomez
337,Hayes Oneal
338,Alfonso Gibbs
339,Kyle Pierce
340,Brodie Barrett
341,George Durham
342,Louie Estrada
343,Benjamin Parks
344,Ford Davenport
345,Dariel Fowler
346,Christian Conley
347,Lincoln Mejia
348,Nico Owens
349,Ledger Shepherd
350,Leonel Dodson
351,Kohen Travis
352,Allen Sanders
353,Raul Avalos
354,Koen Potts
355,Rey Burnett
356,Micah Velez
357,Muhammad Brady
358,Ridge Bruce
359,Nathanael Gould
360,Jake Horton
361,Reese Brady
362,Lawson Gilmore
363,Kannon Roberson
364,Salvatore Cuevas
365,Romeo Portillo
366,Nicholas Banks
367,Conrad Richardson
368,Kieran Alvarez
369,Jake Griffith
370,Damien Clayton
371,Bryant Gray
372,Dario Nielsen
373,Thiago Savage
374,Conrad Orozco
375,Russell Davenport
376,Alan Blanchard
377,Emmitt Cunningham
378,Lian Hensley
379,Maximilian Flynn
380,Jose Esquivel
381,Josiah Duncan
382,Ayaan Baldwin
383,Brady Oliver
384,Josue Gillespie
385,Trace House
386,Grey Carpenter
387,Miller Heath
388,Elio Owens
389,Roberto Tapia
390,Edwin Copeland
391,Joseph Huff
392,Isaias Marin
393,Grey Santana
394,Hugh Cochran
395,Noe Jackson
396,Zavier Buchanan
397,Amos Benjamin
398,Graham Cooper
399,Kashton Davila
400,Jon Diaz
401,Gerardo Humphrey
402,Harley Kaur
403,Gael Mcguire
404,Julian Woods
405,Albert Best
406,Tucker Mccall
407,Xander Webb
408,Eli Steele
409,Sylas Heath
410,Anthony Blanchard
411,Brixton Rowe
412,Leonard Gutierrez
413,Isaac Stuart
414,Francisco Rubio
415,Anthony Kim
416,Tommy Walton
417,Cullen Edwards
418,Ezequiel Pope
419,Jose Avery
420,Harrison Harrington
421,Quinn Romero
422,Osiris Goodwin
423,Rylan Lamb
424,Ali Silva
425,Jiraiya Ortiz
426,Louie Vargas
427,Mohammed Ball
428,Sage Hanna
429,Brooks Winters
430,Grey Bentley
431,Ozzy Park
432,Gustavo Mcintyre
433,Patrick Hawkins
434,Brantley Moody
435,Yousef Nunez
436,Rohan Thomas
437,Jaxx Alvarez
438,Eliseo Hardy
439,Jaden Garner
440,Mohamed Winters
441,Cayson Christensen
442,Rene Morris
443,Trace Norris
444,Hank Correa
445,Isaias Gibbs
446,Santiago Buchanan
447,Jaylen Villa
448,Judah Moreno
449,Arian Ali
450,Dakari Boyer
451,Cristian Green
452,Jamari Parrish
453,Rudy Lindsey
454,Davian Donovan
455,Brooks Charles
456,Malakai Chandler
457,Bennett Ball
458,Bryan Herman
459,Leonidas Avalos
460,Turner Walton
461,Ayan Andrews
462,Musa Rose
463,Loyal Buchanan
464,Sylas Bautista
465,Ace Walter
466,Marcus Reeves
467,Milan Hinton
468,Rodney Ho
469,Samir Pitts
470,Brendan Best
471,Louie Farley
472,Israel Benton
473,Collin Bowman
474,Desmond Cervantes
475,Sutton Waller
476,Cassian Gibbs
477,Dylan Blanchard
478,Maximilian Johns
479,Wells Vazquez
480,Aydin Burnett
481,Bruce Mayer
482,Arthur Gonzales
483,Gage Hawkins
484,Lucian Chung
485,Major Winters
486,Damian Lopez
487,Isaac Kelly
488,Stanley Reid
489,Jayden Maddox
490,Marshall Brooks
491,Jaden Jennings
492,Dane Cisneros
493,Spencer Avalos
494,Steven Brock
495,Lane Huff
496,Ray Noble
497,Miller Branch
498,Alijah Norris
499,Tru Stark
500,Rylan Hancock
501,Rocky Prince
502,Maximo King
503,Anderson Ho
504,Aldo Wilkins
505,Eliseo Johnson
506,Darian Contreras
507,Gavin Travis
508,Lucas Becker
509,Alejandro Santiago
510,Dane Love
511,Reed Sparks
512,Ray Velazquez
513,Jonas Vance
514,Ocean Armstrong
515,Coleson Mosley
516,Harold Gomez
517,Cairo Coffey
518,Jaxson Wells
519,Theo Chavez
520,Remy Lim
521,Brixton Johnson
522,Wyatt Rocha
523,Yusuf Holloway
524,Mathew Velazquez
525,Santino Holloway
526,Kelvin Barrett
527,Ryan Pierce
528,Sam Torres
529,Kane Warren
530,Edison Galvan
531,Kyree Martin
532,Amir Blackburn
533,Joel Vincent
534,Henry Hill
535,Dillon Brennan
536,Dexter Good
537,Genesis Friedman
538,Jiraiya Vasquez
539,Hudson Fisher
540,Kaden Collier
541,Joshua Stout
542,Casen Bush
543,Russell Price
544,Callahan Long
545,Yadiel Monroe
546,Zyon Reed
547,Hayden Barr
548,Azriel Kaur
549,Casey Mckenzie
550,James Daniels
551,Samuel Bullock
552,Timothy Kemp
553,Wallace Quinn
554,Jaden Ayala
555,Amari Rivas
556,Killian Richards
557,Shiloh Blackburn
558,Jaxtyn Yoder
559,Benjamin Harrison
560,Samson Calhoun
561,Yehuda Quinn
562,Leonard Barrett
563,Ari Roy
564,Zahir Bravo
565,Louie Fields
566,Ezekiel Fox
567,Kylen Larsen
568,Rodrigo Zavala
569,Andres Guevara
570,Salvatore Parra
571,Alonzo Hoffman
572,Kellen Rangel
573,Francisco Hayes
574,Jonathan Richards
575,Avery Mack
576,Leon Blair
577,Wes Tucker
578,Soren Golden
579,Allan Proctor
580,Alfredo Jarvis
581,Ezequiel Barker
582,Camilo Hurst
583,Kaiden George
584,Arlo Herrera
585,Julio Woodward
586,Osman Jefferson
587,Judson Cantu
588,Johnathan Foley
589,Erick Kemp
590,Axton Chan
591,Drew Garrett
592,Marshall Good
593,Moshe Santiago
594,Rocky Gray
595,Angelo Grant
596,Lawrence Leon
597,Shepard Pena
598,Leonardo Duke
599,Lawrence Oneill
600,Zain Spears
601,Prince Massey
602,Rodney Decker
603,Rene Reed
604,Benicio Houston
605,Kylen Haley
606,Azrael Flynn
607,Kaleb Dunlap
608,Brooks Bennett
609,Gatlin Pratt
610,Jamari Avery
611,Chandler Reynolds
612,Khalid Wilkinson
613,Marcos Dixon
614,Beckham Meyer
615,Shane Madden
616,Austin Morrow
617,Atticus Levy
618,Keaton Holloway
619,Stanley Torres
620,Kolton Gregory
621,Fabian Contreras
622,Keith Rios
623,Osman Esparza
624,Jaxson Dillon
625,Azariah Chan
626,Henry Terry
627,Joseph Hester
628,Chandler Rangel
629,Saint Donaldson
630,Davion Zuniga
631,Edwin Santana
632,Henry Ellison
633,Khai Farrell
634,Sylas Hudson
635,Brian Patton
636,Zyair Calderon
637,Cillian Vu
638,Nolan Rice
639,Everett Caldwell
640,Samuel Foster
641,Curtis Walton
642,Grayson Weeks
643,Manuel Chavez
644,Anderson Tanner
645,Kalel Duke
646,Case Nunez
647,Nicholas Potter
648,Adrian Doyle
649,Koen Arnold
650,Deacon Jarvis
651,Deacon Jackson
652,Dimitri Schmitt
653,Arian Villalobos
654,Zev Sherman
655,Jonathan Pearson
656,Isaias Clarke
657,Osiris Church
658,Ayden Andrade
659,Curtis Carroll
660,Arthur Moore
661,Holden Meyers
662,Lewis Harmon
663,Brodie Thomas
664,Lian Snyder
665,Kabir Olsen
666,Rylan Hogan
667,Emerson Cross
668,Brian Oneal
669,Houston Solis
670,Cal Woodward
671,Zyaire Shaffer
672,Blake Ochoa
673,Xavier Webster
674,Axton Ramsey
675,Anders Myers
676,Donald Jacobs
677,Cassius Orozco
678,Jiraiya Walsh
679,Turner Barber
680,Travis Stone
681,Patrick Monroe
682,Jack Carr
683,Casey Rios
684,Colson Schwartz
685,Julius Harding
686,Clay Kennedy
687,Watson Sandoval
688,Howard Moore
689,Rafael Duffy
690,Mccoy Copeland
691,Mylo Massey
692,Victor Rivera
693,Arthur Edwards
694,Cannon Rush
695,Khalil Kerr
696,Kasen Doyle
697,Samir Jarvis
698,Thatcher Farrell
699,Zachary Patrick
700,Lorenzo Cain
701,Davion Chapman
702,Otto Anthony
703,Davion Powell
704,Johnathan Bennett
705,Lucas Santana
706,Jaxson Galindo
707,Rhett Barry
708,Royal Oconnor
709,Rey Butler
710,Calum Hoffman
711,Brody Tyler
712,Jaden Bonilla
713,Atlas Boone
714,Memphis Pitts
715,Kingsley Odom
716,Aden Romero
717,Gideon Dixon
718,Javier Perez
719,Trenton Valentine
720,Ellis Ortega
721,Killian Barrera
722,Rayan Walls
723,Deandre Reese
724,Max Garcia
725,Dorian Proctor
726,Reid Young
727,Phillip Mejia
728,Ambrose Mann
729,Aryan Watson
730,Hayes Stewart
731,Patrick Esquivel
732,Gordon Truong
733,Gustavo Saunders
734,Kyng Gardner
735,Parker Hopkins
736,Branson Hanson
737,Dante Parra
738,Sawyer Crosby
739,Marcel Cortes
740,Jasiah Lowe
741,Harlan Randall
742,Cullen Pollard
743,Juan Blackburn
744,Milan Lawson
745,Ronan Dennis
746,Tobias Bradford
747,Bryson Harding
748,Briar Decker
749,Felix Bradshaw
750,Cory Castro
751,Gage Leblanc
752,Kane Byrd
753,Davian Brady
754,Gianni Cooper
755,Ricky Shaw
756,Sylas Schmidt
757,Isaac Glass
758,Orion Hamilton
759,Brycen Juarez
760,Milo Joseph
761,Ethan Carter
762,Jeffrey Robinson
763,Jordan Santos
764,Titus Cervantes
765,Greyson Ruiz
766,Ian Hamilton
767,Rafael Hebert
768,Kason Clay
769,Nicholas Doyle
770,Theodore Orr
771,Coleson Calderon
772,Boden Wise
773,Ivan Davenport
774,Tate Flynn
775,Jiraiya Delarosa
776,Jayceon Park
777,Memphis Dudley
778,Archer Calhoun
779,Barrett Alvarado
780,Aaron Macdonald
781,Sylas Avalos
782,Alaric Cherry
783,Atreus Woodward
784,Lawrence Grimes
785,Cullen Avalos
786,Shepherd Sharp
787,Rodney Berg
788,Ezra Bowers
789,Alejandro Grimes
790,Colson Juarez
791,Kyrie Butler
792,Jalen Hardin
793,Brantley Mcdonald
794,Leo Castillo
795,Atlas Merritt
796,Lee Clements
797,Jaxx Raymond
798,Johnny Tapia
799,Gerardo Valdez
800,Avi Mcgee
801,Harry Benson
802,Mekhi Morgan
803,Edwin Stafford
804,Lane Hicks
805,Erick Rowe
806,Atlas Watson
807,Blaine Bravo
808,Jaxxon Malone
809,Dakari Wilcox
810,Alonzo Washington
811,Nicholas Rosales
812,Kalel Sparks
813,John Vazquez
814,Gunner Montoya
815,Cody Franklin
816,Everest Vargas
817,Drew Ball
818,Adriel Dodson
819,Flynn Mayo
820,Makai Haynes
821,Edward Price
822,Braylen Callahan
823,Aron Keller
824,Kole Greene
825,Jefferson Newton
826,Lucca Faulkner
827,Tatum Carey
828,Rayan Drake
829,Maximus Bennett
830,Kohen Tang
831,Bruno Oconnor
832,Flynn Reyna
833,Alfred Sutton
834,Jovanni Randolph
835,Ares Preston
836,Thaddeus Glover
837,Callen Contreras
838,Ryan Contreras
839,Arlo Pope
840,Legend Mahoney
841,Casey Lam
842,Saint Lewis
843,Clark Esparza
844,Steven Torres
845,Maxwell Decker
846,Brantley Sanders
847,Azael Harvey
848,Yusuf Murray
849,Kartier Hawkins
850,Reid Sims
851,Enrique Hill
852,Karter Sparks
853,Melvin Lang
854,Leighton Hickman
855,Jason Alfaro
856,Jack Brooks
857,Avery Tran
858,Collin Bradshaw
859,Issac Chavez
860,Cruz Mcgee
861,Bryan Todd
862,Hank Donovan
863,Everett Miles
864,Sage Russo
865,Briar Scott
866,Kaiden Mcintyre
867,Shepherd Dillon
868,Yaakov Glass
869,Khari Leal
870,Dustin Wells
871,Amiri Vang
872,Gael Peterson
873,Luke Mcgee
874,Deandre James
875,Greyson Alvarado
876,Aries Leon
877,Emmett Salgado
878,John Dyer
879,Emerson Serrano
880,Jabari Sanders
881,Kellan Brewer
882,Mustafa Dickson
883,Kaison Collins
884,Dominik Shepherd
885,Alaric Webster
886,Jaylen Vance
887,Scott Dixon
888,Keaton Estes
889,Bodie Delacruz
890,Evan Wiggins
891,Miles Mcbride
892,Tony Nelson
893,Kellen Fisher
894,Abdullah Alvarez
895,Cade Parks
896,Gideon Case
897,Lachlan Berg
898,Cillian Trevino
899,Corbin Potter
900,Richard Charles
901,Johnathan Whitaker
902,Noel Lin
903,Tucker Steele
904,Elisha David
905,Jett Bowers
906,Karson Boone
907,Kenzo Kirby
908,Dakari Herman
909,Spencer Mack
910,Ezequiel Erickson
911,Thomas Wall
912,Ander Hartman
913,Timothy Cobb
914,Ali Gibson
915,Shiloh Byrd
916,Elio Hansen
917,Jesus Odom
918,Kyro Beck
919,Kaiden Guzman
920,Conrad Shields
921,Joaquin Rogers
922,Graysen Lozano
923,Kannon Warren
924,Mohammed Hayes
925,Ernesto Schultz
926,Zion Villarreal
927,Ari Savage
928,Jonas Zavala
929,Roy Dodson
930,Malakai Morton
931,Zahir Brewer
932,Azael Moon
933,Callen Fletcher
934,Archie Vaughan
935,Koa Quintana
936,Azrael Hoffman
937,Kameron Stanley
938,Mekhi Blackwell
939,Karter Pitts
940,Alijah Ross
941,Darren Parsons
942,Eliseo Galindo
943,River Aguilar
944,Darius Farley
945,Andrew Miles
946,Aldo Morales
947,Alfredo Mcfarland
948,Jaxon Baldwin
949,Damien Knight
950,Ronin Cummings
951,Azariah Rollins
952,Andres Alvarado
953,Aarav Montgomery
954,Alfonso Moss
955,Emanuel Cobb
956,Cesar Flores
957,Shane Bruce
958,Kyree Waters
959,Niko Campos
960,Phillip Lawrence
961,Koa Hobbs
962,Bruno Lester
963,Kellan Lopez
964,Atharv Cervantes
965,Noel Horn
966,Kyle Gallegos
967,Raphael Cole
968,Benedict Collins
969,Ares Foley
970,Reign Stephenson
971,Idris Mathis
972,Nathaniel Ross
973,Dimitri Weber
974,Aaron Brown
975,Julius Ferguson
976,Joel Gilmore
977,Keith Barrett
978,Davis Estrada
979,Koen Anthony
980,Ty Scott
981,Nico Page
982,Landon Huff
983,Calum Ryan
984,Raiden Gibson
985,Archer Noble
986,Luis Daugherty
987,Steven Mayer
988,Trace Stevenson
989,Emiliano Houston
990,Alden Cherry
991,Cassian Bell
992,Nikolas Morse
993,Leonard Oconnor
994,Mylo Vega
995,Aries Proctor
996,Alfred Sims
997,Gianni Ali
998,Kenji Foster
999,Harold Page
1000,Jamal Vaughan
1001,Eugene Fitzpatrick
1002,Ace Conner
1003,Brennan Schroeder
1004,Quinton Boyle
1005,Amir Austin
1006,Colten Fleming
1007,Crosby Kerr
1008,Jayceon Mack
1009,Brayan Mcdaniel
1010,Legacy West
1011,Cassian Rowe
1012,Kashton Park
1013,Maurice Davila
1014,Dash Rice
1015,Mohammed Strickland
1016,Fabian Wells
1017,Ezequiel Leal
1018,Eugene Simpson
1019,Armani Arias
1020,Cal Stark
1021,Jamir Oconnell
1022,Christian Poole
1023,Bowie Porter
1024,Augustine Reese
1025,Jamir Robertson
1026,Forrest Reid
1027,Axl Mcbride
1028,Jamie Hayes
1029,Cyrus Bennett
1030,Gavin Tanner
1031,Colt Lewis
1032,Conrad Ventura
1033,Onyx Fischer
1034,Blake Daniels
1035,Bruce Brandt
1036,Elon Molina
1037,Cade Prince
1038,Harry Snow
1039,Alijah Hardy
1040,Desmond Dougherty
1041,Mac Hickman
1042,Kase Christian
1043,Kieran Pace
1044,Marcos Kirk
1045,Hendrix Conrad
1046,Andres Stanley
1047,Palmer Stuart
1048,Parker Townsend
1049,Lucas Ross
1050,Quinton Kirby
1051,Eduardo Hoover
1052,Kaysen Corona
1053,Sean Bowman
1054,Isaac Hester
1055,Caden Dawson
1056,Nathanael Murray
1057,Aydin Frazier
1058,Cyrus Holland
1059,Anderson Joseph
1060,Camilo Copeland
1061,Philip Cook
1062,Yusuf Guerra
1063,Marcelo Kerr
1064,Maximilian Alvarez
1065,Muhammad Bullock
1066,Nova Holland
1067,Kenzo Hogan
1068,Maximilian Olson
1069,Jared Hunt
1070,Uriel Huang
1071,Harlem Hendrix
1072,Jakari Kane
1073,Alberto Bernal
1074,Arturo Morales
1075,Adler Summers
1076,Aidan Velasquez
1077,Crosby Stein
1078,Tripp Bradley
1079,Joel Oliver
1080,Jayden Villa
1081,Easton Huerta
1082,Sawyer Marquez
1083,Leonel Horne
1084,Ahmed Faulkner
1085,Ben Lawrence
1086,Samuel Corona
1087,Giovanni Collier
1088,Liam Hester
1089,Saul Tapia
1090,Theodore Quinn
1091,Koa Truong
1092,Jaxson Salas
1093,Kalel Parrish
1094,Lennox Landry
1095,Demetrius Phillips
1096,Roberto Mclaughlin
1097,Tyson Morton
1098,Madden Cunningham
1099,Neo Sanford
1100,Griffin Waters
1101,Azariah Stewart
1102,Steven Howard
1103,Amir Riley
1104,Douglas Marks
1105,Kameron Benjamin
1106,Rene Ayers
1107,Tucker Russell
1108,Angel Livingston
1109,Caspian Maynard
1110,Ryder Cline
1111,Elliot Winters
1112,Harvey Morton
1113,Colter Ventura
1114,Rayden White
1115,Grey Larson
1116,Vincenzo Hanna
1117,Ricardo Herring
1118,Callahan Melendez
1119,Mustafa Lin
1120,Marcellus Mcdowell
1121,Kaiser Ochoa
1122,Kaden Yoder
1123,Miguel Rosario
1124,Bronson Finley
1125,Major Woods
1126,Kole Herring
1127,Angelo Reese
1128,Boston Goodman
1129,Callan Farrell
1130,Jace Byrd
1131,Jair Bravo
1132,Alejandro Mcclain
1133,Camden Flores
1134,Jensen Austin
1135,Makai Lewis
1136,Kaden Austin
1137,Thiago Paul
1138,Lewis Avalos
1139,Atharv Mora
1140,Joseph Gould
1141,Kolton Morrison
1142,Kenneth Stokes
1143,Ray Berger
1144,Emir Roman
1145,Devin Boyd
1146,Benson Strickland
1147,Knox Vaughn
1148,Bentley Morse
1149,Boden Freeman
1150,Ayan Peralta
1151,Guillermo Curry
1152,Cristian Goodman
1153,Tatum Cole
1154,Ledger Flowers
1155,Anders Bruce
1156,Harvey Campos
1157,Declan Rios
1158,Chris Charles
1159,Tyson Baldwin
1160,Abdullah Hensley
1161,Everett Costa
1162,Luka Higgins
1163,Harrison Howe
1164,Nicolas Doyle
1165,Tatum Mack
1166,Emory Odom
1167,Boden Turner
1168,Osiris Watts
1169,Stefan Kemp
1170,Joseph Robinson
1171,Bennett Reese
1172,Colton Daniels
1173,Jayceon Melendez
1174,Baker Cervantes
1175,Mack Morse
1176,Blake Frank
1177,Brayan Arroyo
1178,Everest Porter
1179,Miles Sloan
1180,Banks Lane
1181,Otis Lucero
1182,Bruce Miller
1183,Francis Torres
1184,Adler Oneill
1185,Harley Carter
1186,Victor Strong
1187,Augustus Clarke
1188,Max Wyatt
1189,Pedro Perry
1190,Kingston Daniel
1191,Ivan Rollins
1192,Leland Patrick
1193,Omar Cortes
1194,Yaakov Alexander
1195,Onyx Reynolds
1196,Jair Ray
1197,Esteban Bryant
1198,Aarav Mcmahon
1199,Brantley Santos
1200,Wyatt Spears
1201,Esteban Shepherd
1202,Zion Goodman
1203,Easton Mayer
1204,Oakley Sosa
1205,Azael Quintero
1206,Raul Hensley
1207,Charlie Harrison
1208,Davis Daniels
1209,Raul Gaines
1210,Kristopher Ibarra
1211,Louie Garrison
1212,Archer Pugh
1213,Donald Ward
1214,Cillian Williams
1215,Ty Finley
1216,Soren Blanchard
1217,Cooper Arellano
1218,Kevin Hardin
1219,Ayan Shah
1220,Kayden Mcdonald
1221,Cain Drake
1222,Elliot Perry
1223,Archie Crawford
1224,Conor Camacho
1225,Jamir Marin
1226,Paxton Leal
1227,Sergio Chang
1228,Melvin Hansen
1229,Davian Frederick
1230,Derek Huff
1231,Curtis Gomez
1232,Talon Larsen
1233,Kareem Colon
1234,Rowen Lara
1235,Karson Gallegos
1236,Arturo Zhang
1237,Harlan Phelps
1238,Aden Bender
1239,Frank Bruce
1240,Anthony Larson
1241,Lionel Russell
1242,Ozzy Young
1243,Wilder Farmer
1244,Russell Gordon
1245,Jayson Ibarra
1246,Jamison Hebert
1247,Creed Morton
1248,Bo Finley
1249,Jayce Sampson
1250,Tripp Day
1251,Cole Nixon
1252,Leonidas Larsen
1253,Devon Stevens
1254,Granger Rowe
1255,Isaac Livingston
1256,Kabir Vang
1257,Reuben Oneal
1258,Azariah Stephens
1259,Malcolm Norton
1260,Jonah Glenn
1261,Harry Meyer
1262,Nasir Steele
1263,Thaddeus Kline
1264,Alexander Estrada
1265,Jared Mason
1266,Zaid Yoder
1267,Jones Atkins
1268,Sylas Knox
1269,Jaime Lyons
1270,Kohen Massey
1271,Devin Herman
1272,Brantley Cox
1273,Nova Bautista
1274,Ray Snyder
1275,Jared Cuevas
1276,Omar Garner
1277,Axl Gutierrez
1278,Tristan Esquivel
1279,Henry Sanders
1280,Shiloh Chan
1281,Lionel Solomon
1282,Caiden Jensen
1283,Roger Hoffman
1284,Finnegan Sampson
1285,Tommy Waters
1286,Trenton Galindo
1287,Adam Delacruz
1288,Diego Day
1289,Justice Stafford
1290,Jared Mathews
1291,Benson Hodge
1292,Paul Franklin
1293,Charles Turner
1294,Casey Patel
1295,Jax Reese
1296,Ty Ramsey
1297,Elliott Shaffer
1298,Mccoy Jarvis
1299,Brandon Ventura
1300,Alexis Choi
1301,Zyon Velasquez
1302,Justin Montgomery
1303,Uriel Tucker
1304,Cassius Patterson
1305,Jasiah Salazar
1306,Ari Warren
1307,Cairo Blake
1308,Hendrix Hoover
1309,Graysen Hanson
1310,Bodie Perry
1311,Gian Livingston
1312,Jayceon Beil
1313,Marcos Yu
1314,Brody Lara
1315,Atreus Harding
1316,Benson Fleming
1317,Grayson Holt
1318,Noe Anthony
1319,Adriel Khan
1320,Darius Garcia
1321,Braylen Wiley
1322,Azael Crawford
1323,Maverick Austin
1324,Grey Avila
1325,Moses Watkins
1326,Ellis Skinner
1327,Vincenzo Howard
1328,Hector Castro
1329,Ellis Hodge
1330,Santos Charles
1331,Cruz Palacios
1332,Bo Sexton
1333,Amias Mueller
1334,Musa Sheppard
1335,Kalel Odom
1336,Pedro Bautista
1337,Calum Bruce
1338,Zayd Felix
1339,Soren Dickson
1340,Branson Randolph
1341,Alessandro Kaur
1342,Leroy Garrett
1343,Ariel Rodgers
1344,Zaire Burns
1345,Brecken Bridges
1346,Jovanni Yoder
1347,Santos Xiong
1348,Cayson Reese
1349,Yehuda Valentine
1350,Dilan Glenn
1351,Ernesto Knapp
1352,Ulises Schmidt
1353,Jamal Harrell
1354,Jakai Brooks
1355,Enoch Barton
1356,Cody Spence
1357,Mordechai Salazar
1358,Kade Conrad
1359,Bode Mitchell
1360,Royal Owen
1361,Harley Patterson
1362,Max Burnett
1363,Ruben Roy
1364,Matthew Galindo
1365,Rhett Sharp
1366,Victor Bates
1367,Ezequiel Mccoy
1368,Coleson Booker
1369,Raiden Greer
1370,Micah Williams
1371,Roman Carr
1372,Malcolm Salgado
1373,Abraham Mays
1374,Dean Rivers
1375,Charlie Wood
1376,Alfred Cabrera
1377,Osman Pena
1378,Jaxton Bush
1379,Callen Sexton
1380,Evander Nolan
1381,Brantley Guevara
1382,Alijah Pacheco
1383,Camilo Donovan
1384,Alfred Evans
1385,Cal Juarez
1386,Bishop Dyer
1387,Memphis Fleming
1388,Chaim Humphrey
1389,Major Vega
1390,Callen Lindsey
1391,Noe Ruiz
1392,Dante Tate
1393,Grey Ballard
1394,Dante Hendrix
1395,Kylan Livingston
1396,Dominic Schwartz
1397,Bennett Hodges
1398,Moshe Cannon
1399,Brendan Kirk
1400,Cory Austin
1401,Mauricio Mcintosh
1402,Connor Vega
1403,Devon Howard
1404,Landon Powers
1405,Zev Kent
1406,Kabir Hubbard
1407,Lachlan Mccarthy
1408,Carlos Mcfarland
1409,Bryant Ayala
1410,Malakai Avery
1411,Kolton Watts
1412,Cory Swanson
1413,Azrael Green
1414,Tatum Mcconnell
1415,Zaid Cano
1416,Bear Berry
1417,Reese Clarke
1418,Fox Hampton
1419,Colton Craig
1420,Cairo Hancock
1421,Darius Dickerson
1422,Zakai Goodman
1423,Agustin Everett
1424,Maxwell Garrett
1425,Emmanuel Richardson
1426,Zakai Conrad
1427,Aron Townsend
1428,Donovan Cruz
1429,Marcellus Goodman
1430,Ezekiel Blanchard
1431,Lewis Santana
1432,Joseph Calderon
1433,Roberto Logan
1434,Mekhi Bender
1435,Rio Moreno
1436,Cohen Aguirre
1437,John Romero
1438,Neo Glover
1439,Bryan Velazquez
1440,Bowie Patton
1441,Danny Burns
1442,Reed Cisneros
1443,Braylen Ayala
1444,Jamal Nolan
1445,Sterling Gates
1446,Bronson Kirk
1447,Vincent Fischer
1448,Erick Jenkins
1449,Zyaire Thomas
1450,Luca Lugo
1451,Cillian Velasquez
1452,Osman Goodman
1453,William Olson
1454,Isaias Durham
1455,Shane Friedman
1456,Francis Flores
1457,Lawson Griffin
1458,Jimmy Robles
1459,Bentley Esquivel
1460,Camden Mclaughlin
1461,Khalid Bishop
1462,Palmer Ahmed
1463,Zayn Bryant
1464,Fabian Melton
1465,Kole Byrd
1466,Trenton Livingston
1467,Sullivan Ali
1468,Brayan Patton
1469,Maximilian Leal
1470,Jacoby Benson
1471,Winston Yang
1472,Lachlan Villalobos
1473,Malachi Reynolds
1474,Salvador Howard
1475,Zion Villegas
1476,Justice Harding
1477,Francis Fischer
1478,Raylan Phelps
1479,Jaime Burns
1480,Guillermo Daniel
1481,Zayd Rosales
1482,Yadiel Brady
1483,Jamie Valenzuela
1484,Finnley Eaton
1485,Ruben West
1486,Kayson Webb
1487,Van Gordon
1488,Jameson Leon
1489,Ronald Chandler
1490,Rio Ferguson
1491,Onyx Tucker
1492,Felipe Terrell
1493,Rayan Mcconnell
1494,Castiel Schultz
1495,Miller Sanders
1496,Lance Edwards
1497,Graysen Parks
1498,Bruce Vargas
1499,Karson Bonilla
1500,Caspian Lozano
1501,Sergio Stevenson
1502,Rodrigo Waller
1503,Gustavo Berg
1504,Talon Mcgee
1505,Abraham Fleming
1506,Camden Mayo
1507,Zayden Everett
1508,Aidan Waters
1509,Elio Lucas
1510,Maximiliano Abbott
1511,Jerry Vance
1512,Robin Rosas
1513,Arian Blankenship
1514,Nolan Blevins
1515,Byron Grant
1516,Pedro Woodard
1517,Brixton Hardin
1518,Sage Fuller
1519,Richard Owen
1520,Jadiel Hayden
1521,Koen Lamb
1522,Theodore Salazar
1523,Scott Bernard
1524,Howard Ray
1525,Khari Vo
1526,Kenji Mckinney
1527,Allan Kelley
1528,Wells Pham
1529,Adan Vincent
1530,Eliseo Palmer
1531,Yusuf Waters
1532,Collin Paul
1533,Holden Gutierrez
1534,Ethan Holt
1535,Nehemiah Conway
1536,Brady Frye
1537,Jaxtyn Bruce
1538,Landen Conner
1539,Jamison Gates
1540,Clark Taylor
1541,Nash Rivera
1542,Abdiel Middleton
1543,Saul Knight
1544,Jude Hunt
1545,Caden Jenkins
1546,Reuben Suarez
1547,Dawson Doyle
1548,Adam Vaughn
1549,Alexis Watson
1550,Kenneth Avalos
1551,Felipe Archer
1552,Wilder Rodriguez
1553,Adam Buck
1554,Eliseo Elliott
1555,Zahir Yoder
1556,Miles English
1557,Elijah Mayer
1558,Easton Frazier
1559,Davian Harding
1560,Silas Harrell
1561,Jameson Rosas
1562,Raymond Boyd
1563,Easton George
1564,Pierce Bentley
1565,Alan Torres
1566,Victor Cohen
1567,Donald Dejesus
1568,Sullivan Lawrence
1569,Dimitri Harris
1570,Jeremias Marks
1571,Ayden Nixon
1572,Tucker Schroeder
1573,Marvin Sullivan
1574,Stanley Richardson
1575,Uriah Christian
1576,Crew Burke
1577,Blaine Wolfe
1578,Ahmed Garrison
1579,Fletcher Weber
1580,Harold Chavez
1581,Zyon Grimes
1582,Jacob Dalton
1583,Niklaus Mahoney
1584,Thaddeus Dillon
1585,Melvin Kane
1586,Darius Blake
1587,Marcelo Hogan
1588,Amos Green
1589,Neil York
1590,Alfonso Weaver
1591,Cannon Park
1592,Killian Chambers
1593,Nathanael Blair
1594,Edward Knight
1595,Elliot Sharp
1596,Rocco Gutierrez
1597,Lionel Roman
1598,Owen Salazar
1599,Silas Liu
1600,Darian Quinn
1601,Jay Peterson
1602,Shepherd Franco
1603,Luciano Christensen
1604,Romeo Harvey
1605,Davion Riley
1606,Harvey Logan
1607,Ahmir Mcdonald
1608,Charles Haley
1609,Jay Wood
1610,Cain Reynolds
1611,Ronan Pitts
1612,Derrick Patel
1613,Saul Skinner
1614,Dallas Clark
1615,Jaden Lamb
1616,Benedict Mays
1617,Elio Blanchard
1618,Adonis Chavez
1619,Jameson Gentry
1620,Rhys Farmer
1621,Emmitt Dejesus
1622,Cairo Bullock
1623,Preston Weaver
1624,Lachlan Harrell
1625,Reese Mckee
1626,Zyaire Cantrell
1627,Chris Carey
1628,Colby Vega
1629,Hank Suarez
1630,Aaron Hogan
1631,Franco Collier
1632,Carl Patterson
1633,Ayden Villalobos
1634,Kameron Lin
1635,Weston Hernandez
1636,Zachariah Bennett
1637,Kaison Wells
1638,Kingston Roth
1639,Moses Bishop
1640,Stefan Ventura
1641,Ellis Orr
1642,Baker Barry
1643,Benjamin Morris
1644,Jaden Heath
1645,Kyson Yu
1646,Xavier Swanson
1647,Sincere Sherman
1648,Marco Conrad
1649,Duke Hodge
1650,Cory Welch
1651,Benedict Guerra
1652,Peter Lucas
1653,Westin Nelson
1654,Luciano Brennan
1655,Braxton Spears
1656,Messiah Beil
1657,Caiden Hayden
1658,Marcel Mcgee
1659,Bjorn Hopkins
1660,Azael Mccann
1661,Rio Rogers
1662,Brennan Coleman
1663,Dalton Santiago
1664,Muhammad Vaughan
1665,Jedidiah Mcmahon
1666,Jorge Davis
1667,August Ellis
1668,Rey Glenn
1669,Alonzo Bonilla
1670,Brayden Odonnell
1671,Santiago Travis
1672,Walter Hendricks
1673,Jayceon Villalobos
1674,Jonathan Gallagher
1675,Kylian Camacho
1676,Crew Lang
1677,Carlos Glenn
1678,Jaxxon Villanueva
1679,Talon Burnett
1680,Ricky Floyd
1681,Dakari Liu
1682,Zaire Clayton
1683,Clyde Little
1684,Easton Nolan
1685,Raymond Mckinney
1686,Cassian Kane
1687,Colt Mcgee
1688,Kaison Tucker
1689,Memphis Mann
1690,Rowen Ruiz
1691,Kyler Wall
1692,Fernando Mata
1693,Lance Romero
1694,Brayan Saunders
1695,Gianni Pitts
1696,Camilo Cooper
1697,Joey Cunningham
1698,Abram Logan
1699,Boston Navarro
1700,Ashton Patton
1701,Graysen Simon
1702,Colin Brown
1703,Atreus Maldonado
1704,Nathaniel Booker
1705,Kameron Barr
1706,Jaxtyn Kim
1707,Zaire Blanchard
1708,Orion Mills
1709,Howard Dorsey
1710,Granger Horn
1711,Kamden Mcdonald
1712,Collin Fitzgerald
1713,Kace Miranda
1714,Sawyer Gray
1715,Layton Lowe
1716,Boden Buck
1717,Franco Duffy
1718,Warren Vega
1719,Ramon Velez
1720,Chandler Lindsey
1721,Brooks King
1722,Miles Moreno
1723,Alijah Yang
1724,Kameron Drake
1725,Kyro Hughes
1726,Santiago Reid
1727,Sawyer Molina
1728,Khalil Vu
1729,Kyson Walls
1730,Kade Dominguez
1731,Fletcher Buck
1732,Landon Boyle
1733,Declan Robbins
1734,Otis Giles
1735,Deacon Parker
1736,Troy Fletcher
1737,Tanner Phelps
1738,Yahir Parra
1739,Dominic Copeland
1740,Kylan Valentine
1741,Fabian Schneider
1742,Leif Cervantes
1743,Austin Ruiz
1744,Frederick Trevino
1745,Osiris Wheeler
1746,Solomon Summers
1747,Leonidas Pope
1748,Tobias Macias
1749,Mustafa Boyd
1750,Aidan Sellers
1751,Wilson Edwards
1752,Peter Bullock
1753,Nasir Bridges
1754,Ari Montes
1755,Maurice Mullen
1756,Finn Moses
1757,Kash Oneill
1758,Kamden Simon
1759,Logan Wallace
1760,Archer Gallagher
1761,Niklaus Wiggins
1762,Ezekiel Novak
1763,Flynn Day
1764,Blaze Barron
1765,Damien Conway
1766,Callan Pruitt
1767,Nicholas Rogers
1768,Darren Anthony
1769,Jesus Kirk
1770,Grey Byrd
1771,Alonzo Donaldson
1772,Fernando Carlson
1773,Vihaan Terry
1774,Lennon Barry
1775,Banks Franco
1776,Lachlan Cameron
1777,Cillian Marquez
1778,Apollo Conway
1779,Leon Norman
1780,Weston Hamilton
1781,Maverick Sherman
1782,Castiel Leach
1783,Keanu Daugherty
1784,Forest Velez
1785,Jensen Willis
1786,Tony Mcdowell
1787,Ryland Aguirre
1788,Gunnar Gilmore
1789,Kaison Frederick
1790,Rodrigo Hebert
1791,Devin Galvan
1792,Brayan Johnston
1793,Arturo Becker
1794,Jace Norman
1795,Antonio Clay
1796,Dakota Moore
1797,Rene Gaines
1798,Riggs Orr
1799,Maximus Parrish
1800,Hunter Shepard
1801,Aidan Robbins
1802,Quinn Sanford
1803,Yisroel Reid
1804,Harry Clements
1805,Aries Gomez
1806,Theodore Vang
1807,Franklin Frank
1808,Spencer Chambers
1809,Genesis Barker
1810,Charles Esquivel
1811,Armani Dixon
1812,Niklaus Velazquez
1813,Kairo Harper
1814,Felipe Roman
1815,Kareem Lynn
1816,Dakari Rosario
1817,Caden Donaldson
1818,Marcelo Greene
1819,Curtis Blanchard
1820,Ramon Chandler
1821,Granger Ramsey
1822,Raiden Smith
1823,Khalil Rivers
1824,Aries Rojas
1825,Messiah Floyd
1826,Eliel Blevins
1827,Sergio Barrett
1828,Salvador Yu
1829,Briar Gutierrez
1830,Zander Gray
1831,Dior Sawyer
1832,Rodrigo Nixon
1833,Augustine Benjamin
1834,Deacon Martin
1835,Keith Lambert
1836,Major Hurley
1837,Donovan Guzman
1838,Benson Hendrix
1839,Clyde Pitts
1840,Paul Pittman
1841,Angel Hunter
1842,Johnathan Stout
1843,Joel Sharp
1844,Pablo Guzman
1845,Brixton Scott
1846,Forest Weber
1847,Dexter Foster
1848,Kannon Weeks
1849,Kolton Soto
1850,Ryker Phelps
1851,Juan Fernandez
1852,Cain Rodgers
1853,Dior Fisher
1854,Jakob Sierra
1855,Harrison Reilly
1856,Briar Erickson
1857,Zeke Chavez
1858,Bodie Dyer
1859,Kellen Camacho
1860,Bowen Morales
1861,Azrael Rios
1862,Ledger Molina
1863,Isaias Church
1864,Dax Conway
1865,Remy Person
1866,Jamari Kim
1867,Jones Nolan
1868,Briggs Case
1869,Gunnar Abbott
1870,Samir Berger
1871,Elliot Oconnor
1872,Nash Anthony
1873,Douglas Peck
1874,Jones Foster
1875,Cristian Guerra
1876,Sincere Horne
1877,Mark Nixon
1878,Blaze Atkins
1879,Orion Dickson
1880,Jose Scott
1881,Jadiel Morse
1882,Banks Rosario
1883,Cyrus Valencia
1884,Nelson Pitts
1885,Maddox Macdonald
1886,Jaxson Cortez
1887,Frederick Lucero
1888,Martin Oneal
1889,Amos Romero
1890,Bentley Potts
1891,Ephraim Galvan
1892,Frank Todd
1893,Colin Nixon
1894,Myles Ramirez
1895,Nicolas Rowe
1896,Kohen Acosta
1897,Omari Green
1898,Joel Bryan
1899,Jaziel Goodman
1900,Jones Herrera
1901,Solomon Tanner
1902,Beckett Calderon
1903,Maximiliano Hickman
1904,Killian Ferguson
1905,Curtis Baker
1906,Philip Cantu
1907,Leif Tapia
1908,Kasen Church
1909,Ephraim Dawson
1910,Colson Diaz
1911,Aiden Howard
1912,Orlando York
1913,Cason Higgins
1914,Hayes Pugh
1915,Ira Ellison
1916,Arjun Crawford
1917,Allen Shepherd
1918,Ryker Small
1919,Kingsley Curtis
1920,Santiago Mann
1921,Henry Chapman
1922,Abel Flores
1923,Zander Perry
1924,Kobe Nash
1925,Blaise Faulkner
1926,Giovanni Brennan
1927,Deandre Glenn
1928,Palmer Orr
1929,Ameer Patrick
1930,Cory Floyd
1931,Kobe Raymond
1932,Maverick Johns
1933,Kenji Bentley
1934,Francis Maldonado
1935,Zeke Daniels
1936,Ariel Stuart
1937,Forest Chapman
1938,Jones Lucas
1939,Casen Burton
1940,Augustine Rose
1941,Kiaan Turner
1942,Dominic Bass
1943,Isaiah Perez
1944,Davian Castro
1945,Forrest Buck
1946,Ray Moody
1947,Kyng Callahan
1948,Hector Vaughan
1949,Krew Crosby
1950,Atharv Ibarra
1951,Josue Alvarez
1952,Braxton Friedman
1953,Saul Zavala
1954,Jorge Drake
1955,Aries Ross
1956,Finnley Schaefer
1957,Maxwell Kelly
1958,Reid Shah
1959,Major Liu
1960,Liam Oconnor
1961,Jamie Wiley
1962,Vance Liu
1963,Jay Haynes
1964,Nathanael Nixon
1965,Mateo Cantu
1966,Osiris Winters
1967,Ivan Fry
1968,Blaine Beck
1969,Everest Underwood
1970,Kayson Whitaker
1971,Damien Barron
1972,Junior Blevins
1973,Frederick Peralta
1974,Ryder Mcgee
1975,Vihaan Lopez
1976,Blaine Morton
1977,Landon Bauer
1978,Casey Kerr
1979,Ari Moore
1980,William Hogan
1981,Leighton Wilkinson
1982,Dariel Keller
1983,Mauricio Chung
1984,Connor Brooks
1985,Gavin Kim
1986,Parker Acevedo
1987,Creed Simpson
1988,Talon Frank
1989,Lucian Jaramillo
1990,Zachariah Jennings
1991,Alaric Bishop
1992,Josue Blackburn
1993,Stefan Foley
1994,Elian Holmes
1995,Noah Pruitt
1996,Jaziel Copeland
1997,Uriah Benton
1998,Joey Frost
1999,Keith Gaines
2000,John Mora
2001,Adriel Hubbard
2002,Trace Goodman
2003,Seven Kirk
2004,Zaiden Sloan
2005,Shepard Mclean
2006,Kashton Schmidt
2007,Van Branch
2008,Mathew Kent
2009,Dangelo Johns
2010,Harrison Meadows
2011,Jared Peralta
2012,Zane Guerra
2013,Caleb Jacobs
2014,Yosef Parker
2015,Felix Esparza
2016,Ethan Stewart
2017,Zachary Huffman
2018,Wesson Gardner
2019,Issac Miranda
2020,Zaire Kirby
2021,Alden Patton
2022,Lee Bradford
2023,Baker Torres
2024,Leonardo Sanchez
2025,King Austin
2026,Easton Sherman
2027,Jett Ruiz
2028,Genesis Pacheco
2029,Palmer Calhoun
2030,Cullen Velasquez
2031,Richard Shaw
2032,Azriel French
2033,Xander Bernal
2034,Joey Riley
2035,Carl Howe
2036,Alfred Esparza
2037,Landry Medina
2038,Caleb Cox
2039,Rhett Jordan
2040,Juan Moreno
2041,Taylor Sheppard
2042,Landon Vincent
2043,Camilo Alfaro
2044,Quinton Young
2045,Milo Castro
2046,Marcel Marin
2047,Dior Richmond
2048,Kase Castillo
2049,Albert Mcbride
2050,Liam Simon
2051,Case Mcmillan
2052,Kohen Bennett
2053,Orion Solomon
2054,Blaise Harrington
2055,Drew Mcmahon
2056,Avery Figueroa
2057,Keegan Woods
2058,Killian Hancock
2059,Aries Schroeder
2060,Bridger Waters
2061,Bentley Waller
2062,Hayes Mckenzie
2063,Milo Tanner
2064,Royal Compton
2065,Kelvin Salazar
2066,Deacon King
2067,Cade Martinez
2068,Karson Gaines
2069,Mason Walls
2070,Javier Benson
2071,Marcelo Thomas
2072,Aziel Fuentes
2073,Alistair House
2074,Atreus Tate
2075,Nehemiah Hudson
2076,Emmett Petersen
2077,James Lane
2078,Bradley Hendricks
2079,Calum Cardenas
2080,Carson Keith
2081,Jeremias Whitaker
2082,Louie Moon
2083,Jake Nelson
2084,Jalen Macias
2085,Vincent Whitaker
2086,Ander Swanson
2087,Deandre Benitez
2088,Arian Padilla
2089,Derek Cook
2090,Kyng Schmidt
2091,Zyair Sharp
2092,Musa Ramirez
2093,Ameer Dixon
2094,Cassian Suarez
2095,Miles Enriquez
2096,Felix Wagner
2097,Isaiah Pineda
2098,Branson Curtis
2099,Aron Wallace
2100,Alexander Hayden
2101,Damian Atkinson
2102,Dash Blanchard
2103,Steven Estrada
2104,Shane Leal
2105,Hassan Richards
2106,Kairo Browning
2107,Clay Johnston
2108,Moises Howard
2109,Rayden Fitzgerald
2110,Cade Drake
2111,Kaiden Ibarra
2112,Cooper Mckinney
2113,Giovanni Olsen
2114,Ian Fields
2115,Giovanni Burgess
2116,Nixon Norman
2117,Lennox Hawkins
2118,Lawson Sloan
2119,Gideon Haley
2120,Kameron Carter
2121,Atreus Lambert
2122,Augustus Farley
2123,Kylan Zimmerman
2124,Issac Holloway
2125,Harlem Lloyd
2126,Huxley Madden
2127,Damir Beltran
2128,Westin Ball
2129,Wesley Patton
2130,Erik Long
2131,Westley Kerr
2132,Ozzy Jackson
2133,Kade Kline
2134,Nico Hubbard
2135,Zayden Mullins
2136,Arturo Le
2137,William Robles
2138,Boden Reynolds
2139,Khalil Lester
2140,Trevor Fleming
2141,Sean Johnson
2142,Abdiel Campbell
2143,Ronald Gates
2144,Zev Conley
2145,Fernando Mclean
2146,Jagger Bartlett
2147,Grant Wang
2148,Branson Maxwell
2149,Thomas Santiago
2150,Rhys Kelly
2151,Alejandro Howe
2152,Otis Hall
2153,Ridge Weiss
2154,Melvin Estes
2155,Kody Kemp
2156,Deacon Vincent
2157,Alistair Burch
2158,Ricardo Vo
2159,Zechariah Dominguez
2160,Aron Patel
2161,Mason Williamson
2162,Kyree Spencer
2163,Benson Herring
2164,Mark Solomon
2165,Guillermo Frazier
2166,Garrett Bridges
2167,Wylder Strickland
2168,Oakley Kaur
2169,Jerry Barber
2170,Zaid Xiong
2171,Marcos Lowe
2172,Adler Russell
2173,Aron Steele
2174,Orlando Santiago
2175,Corbin Hodge
2176,Barrett Mcmillan
2177,Hank Jacobson
2178,Rodrigo Woods
2179,Cash Hester
2180,Kaiser Hurst
2181,Desmond Branch
2182,Judah Stanton
2183,Casen Erickson
2184,Sean Compton
2185,Cole Mathis
2186,Onyx Lang
2187,Edgar Owen
2188,Micah Nolan
2189,Jamir Griffith
2190,Deandre Estrada
2191,Eric Mckay
2192,Erik Novak
2193,Chris Lewis
2194,Chris Sosa
2195,Ethan Shaffer
2196,Cole Andrade
2197,Nikolai Oneal
2198,Kamden Monroe
2199,Royce Morales
2200,Randy Butler
2201,Kane Collier
2202,Justin Torres
2203,Kiaan Moses
2204,Atreus Wilkerson
2205,Aryan Woodard
2206,Adan Quintana
2207,Vincent Sweeney
2208,Maurice Kemp
2209,William Terry
2210,Clark Webster
2211,Lee Pope
2212,Jeremiah Jenkins
2213,Briggs Sawyer
2214,Brodie Hill
2215,Eliseo Khan
2216,Kash Middleton
2217,Ben Byrd
2218,Bellamy Kline
2219,Samson Andrews
2220,Cason Townsend
2221,Aarav Wright
2222,Cayson Stevenson
2223,Lucas Faulkner
2224,Bjorn Hahn
2225,Gatlin Pineda
2226,Kaden Petersen
2227,Alaric Guerra
2228,Amos Hoffman
2229,Ernesto Chang
2230,David Herman
2231,Arthur Wilkinson
2232,Louis Wyatt
2233,Jamison Vaughan
2234,Korbin Chase
2235,Brecken Parker
2236,Taylor Stark
2237,Juan Holloway
2238,Jack Lindsey
2239,Damien Fuentes
2240,Lionel Willis
2241,Jaime Short
2242,Chance Vincent
2243,Tommy Nichols
2244,Davian Allison
2245,Dante Hutchinson
2246,Kaiden Frederick
2247,Vihaan Gomez
2248,Tyson Gross
2249,Nathaniel Daniel
2250,Dennis Berger
2251,William Marquez
2252,Yousef Palacios
2253,Josue Mills
2254,Casey Hess
2255,Quentin Gould
2256,Zander Velez
2257,Callan Leonard
2258,Jakai Reyes
2259,Curtis Bullock
2260,Douglas Ramos
2261,Dean Payne
2262,Adriel Logan
2263,Maxton Blackburn
2264,Chance Hubbard
2265,Bodie Koch
2266,Ezra Knight
2267,Wesson Chandler
2268,Bridger Bishop
2269,Cyrus Nolan
2270,Amari Shields
2271,Muhammad Richardson
2272,Kairo Walsh
2273,Kelvin Burns
2274,Malik Koch
2275,Sutton Schaefer
2276,Lawson Shelton
2277,Jayce Quinn
2278,Cal Knox
2279,Hayes Strickland
2280,Benson Griffin
2281,Christopher Hickman
2282,Jeffrey Dougherty
2283,Cullen Travis
2284,Arjun Pham
2285,Timothy Hale
2286,Austin Deleon
2287,Matthias Webster
2288,Briggs Mendez
2289,Alden Moore
2290,Leif Monroe
2291,Nasir Santana
2292,Colt Rice
2293,Messiah Phelps
2294,Marvin Cruz
2295,Ayan Rubio
2296,Luca Decker
2297,Camilo Cain
2298,Gatlin Schmidt
2299,Antonio Nelson
2300,Lucca Fitzpatrick
2301,Benedict Clayton
2302,Sterling Wilkerson
2303,Thiago Payne
2304,Tate Barrera
2305,Judah Williamson
2306,Dilan David
2307,Damian Owen
2308,Nikolai Chang
2309,Landen Mendez
2310,Kody Dixon
2311,Eithan Williams
2312,Alvin Owen
2313,Kenji Marsh
2314,Amias White
2315,Nico Frye
2316,Mohammed Hamilton
2317,Donald Cole
2318,Zayden Decker
2319,Enoch Meadows
2320,Blaze Baker
2321,Armani Reynolds
2322,Xavier Velazquez
2323,Aiden Schwartz
2324,Zachary Mendez
2325,Shawn Deleon
2326,Jasper Colon
2327,Augustine Salgado
2328,Grey Wiggins
2329,Emmitt Ramsey
2330,Augustus Villa
2331,Dane Sullivan
2332,Archer Pratt
2333,Damon Erickson
2334,Braden Mills
2335,Eric Colon
2336,Holden Lawrence
2337,Mathew Hail
2338,Spencer Davidson
2339,Bryson Nicholson
2340,Dallas Huff
2341,Kartier Williamson
2342,Brandon Coleman
2343,August Patton
2344,Beau Rocha
2345,Coleson Vega
2346,River Underwood
2347,Antonio Huang
2348,Donald Santiago
2349,Maxton Jarvis
2350,Jase Christensen
2351,Kyson Randall
2352,Wilder Foster
2353,Bode Schwartz
2354,Kingston Sims
2355,Thaddeus Gordon
2356,Cruz Morrison
2357,Shepherd Quintana
2358,Amari Guzman
2359,Forest Strong
2360,Tyler Cohen
2361,Emanuel Rollins
2362,Benedict Byrd
2363,Colin Brooks
2364,Emmanuel Hodges
2365,Zayne Koch
2366,Westley Landry
2367,Muhammad Guzman
2368,Westin Soto
2369,Oakley Woodward
2370,Royce Santana
2371,Hugo Huang
2372,Parker Carey
2373,Johnny Reese
2374,Samir Kirby
2375,Adriel Vu
2376,Pablo Herman
2377,Emmanuel Salas
2378,Gage Lindsey
2379,Maurice Ruiz
2380,Blaze Tanner
2381,Landyn Mcdaniel
2382,Ahmed Garcia
2383,Curtis Carlson
2384,Jameson Murphy
2385,Frederick Burgess
2386,Elian Jacobs
2387,Abdiel Stevens
2388,Caiden Mcclain
2389,Fletcher Valentine
2390,Maddox Campos
2391,Azael Dunn
2392,Salvador Hurley
2393,Frank Hancock
2394,Layton Mayo
2395,Eliseo Johns
2396,Anders Alvarez
2397,Braylen Lam
2398,Ezequiel Harrison
2399,Gabriel Mcpherson
2400,Levi Yang
2401,Nathaniel Manning
2402,Jonathan Branch
2403,Maddox Zhang
2404,Dash Moon
2405,Kyree Mccormick
2406,Aydin Beck
2407,Connor Brock
2408,Hendrix Thomas
2409,Rex Zuniga
2410,Mason Oneal
2411,Eric Meadows
2412,Micah Flowers
2413,Evander Stark
2414,Porter Hubbard
2415,Kane Charles
2416,Santiago Galindo
2417,Samir Bauer
2418,Shepard Chang
2419,Titan Owens
2420,Wayne Rivera
2421,Santiago Owens
2422,Saul Cabrera
2423,Scott Sharp
2424,Enzo Bell
2425,Kohen Beasley
2426,Ashton Benton
2427,Ernesto Nguyen
2428,Larry Hammond
2429,Clark Navarro
2430,Liam Lamb
2431,Izaiah Pham
2432,Tate Gibson
2433,Rocky Mcclain
2434,Samuel Weber
2435,Pedro Clark
2436,Ares Person
2437,Tony Kim
2438,Conrad Meadows
2439,Loyal Everett
2440,Porter Maynard
2441,Vincenzo Myers
2442,Callan Hendricks
2443,Wilder Malone
2444,Ezra Duarte
2445,Nikolas Haley
2446,Omari Gordon
2447,Clay Hubbard
2448,Alaric Strong
2449,Jon Wang
2450,Shepard Moody
2451,Salvador Blair
2452,Nicholas Marsh
2453,Timothy Baker
2454,Isaac Page
2455,Elliott Arnold
2456,Franklin Villanueva
2457,Asher Villarreal
2458,Jake Lamb
2459,Camden Porter
2460,Adriel Lara
2461,Camilo Byrd
2462,Bodie Stone
2463,Amias Patrick
2464,Brecken Stephens
2465,Kole Kelley
2466,Caiden Blevins
2467,Wilson Bradley
2468,Andres Charles
2469,Ahmir Franklin
2470,Aarav Hansen
2471,Thomas Becker
2472,Kolton Lane
2473,Ace Mclaughlin
2474,Grant Lynn
2475,Stefan Cooper
2476,Bridger Blair
2477,Lukas Johnson
2478,Amari Hudson
2479,Krew Jaramillo
2480,Braden Mullins
2481,Julius Maynard
2482,Eugene Ahmed
2483,Keaton White
2484,Junior Wallace
2485,Ramon Chapman
2486,Jon Friedman
2487,Joel Huang
2488,Colt Cordova
2489,Ariel Stokes
2490,Leonidas Robbins
2491,Skyler Lawson
2492,Jude Best
2493,Forest Gentry
2494,Graysen Kerr
2495,Luis Hobbs
2496,Roman Bartlett
2497,Ty Nash
2498,Ariel Ortega
2499,Dario Barr
2500,Musa Hendrix
2501,Sebastian Beck
2502,Danny Love
2503,Joshua Vega
2504,Declan Phelps
2505,Kannon Waller
2506,Mathew Massey
2507,Sincere Maynard
2508,Briar Mitchell
2509,Alvin Ochoa
2510,Howard Blankenship
2511,Bennett Benton
2512,Emmanuel Burch
2513,Khalid Peters
2514,Oliver Cline
2515,Mohammed Friedman
2516,Jaxson Hicks
2517,Tatum Huff
2518,Peyton Woodard
2519,Lawson Kelley
2520,Cohen Terry
2521,Brecken Christensen
2522,Karter Carter
2523,Ezekiel Gregory
2524,Johnny York
2525,Hayden Buck
2526,Davis Larson
2527,Alijah Mays
2528,Jabari Cruz
2529,Josue Espinoza
2530,Jonah Salas
2531,Brendan Wagner
2532,Michael Calderon
2533,Calvin Chavez
2534,Mathew Allison
2535,Juan Burgess
2536,Otto Gibson
2537,Adam Brock
2538,Cain Woodward
2539,Ryland Mann
2540,Osman Chase
2541,Omar Deleon
2542,Legacy Johnson
2543,Joey Norman
2544,Bishop Ramos
2545,Nelson Mays
2546,Travis Sherman
2547,Reid Archer
2548,Kyle Marks
2549,Madden Harrison
2550,Ryder Marsh
2551,Pablo Adams
2552,Cory Hail
2553,Salvador Robles
2554,Boden Mclean
2555,Lucas Ventura
2556,Iker Mcintyre
2557,Joey Lamb
2558,Damien Lin
2559,Knox Ayers
2560,Kieran Carpenter
2561,Forest Hickman
2562,Thiago Lynch
2563,Rhett Smith
2564,Frank Lloyd
2565,Anthony Henry
2566,Cullen Pennington
2567,Elio Hayden
2568,Micah Gray
2569,Jacoby York
2570,Martin Blevins
2571,Blaze Perry
2572,Huxley Ponce
2573,Eric Stanley
2574,Kason Correa
2575,Cole Floyd
2576,Anders Sparks
2577,Jeremy Sierra
2578,Frederick Dawson
2579,Everett Mcclain
2580,Cayson Moore
2581,Ronald Shepherd
2582,Lee Kelly
2583,Louis Edwards
2584,Beckett Lloyd
2585,Judson Ferguson
2586,Henrik Garner
2587,Judson Bradley
2588,Wade Mercado
2589,Dylan Wong
2590,River Rowland
2591,Asa White
2592,Dilan Robbins
2593,Knox Beil
2594,Taylor Boyd
2595,Canaan Mullins
2596,Johnny Gillespie
2597,Madden Trujillo
2598,Desmond Schneider
2599,Ryder Randall
2600,Karson Garrison
2601,Allan Barry
2602,Amir Frost
2603,Donovan Serrano
2604,Ezra Cummings
2605,Allan Gomez
2606,Abdiel Burke
2607,Hank Ruiz
2608,Gavin Mayo
2609,Andy Rivera
2610,Isaac Todd
2611,Alfred Newman
2612,Zyair Shaw
2613,Jonah Parrish
2614,Mohamed Moon
2615,Tatum Jefferson
2616,Abraham Payne
2617,Dax Santiago
2618,Alejandro Russell
2619,Tomas Mack
2620,Jett Callahan
2621,Granger Pennington
2622,Kohen Reyna
2623,Carter Shah
2624,Evan Medina
2625,Malcolm Wilkinson
2626,Rohan Murphy
2627,Jericho Jacobson
2628,Maximilian Welch
2629,Nicholas Abbott
2630,Lukas Fowler
2631,Ledger Sampson
2632,Henry Roy
2633,Dominick Peters
2634,Jorge James
2635,Johnathan Mccarthy
2636,Xavier Chan
2637,Vihaan Miranda
2638,Ismael Cordova
2639,Shawn Cantu
2640,Landyn Hendricks
2641,Ezra Rose
2642,Arturo Barber
2643,Atlas Massey
2644,Sergio Bautista
2645,Rio Mccarty
2646,Riley Riley
2647,Asa Hurley
2648,Kyro Levy
2649,Logan Pierce
2650,Keegan Mayo
2651,Dangelo Ward
2652,Jett Watkins
2653,Cameron Strickland
2654,Ryan Magana
2655,Wes Perkins
2656,Alonso Sellers
2657,Atreus Clay
2658,Alonso Wade
2659,Peter Clayton
2660,Gage Walter
2661,John Mendoza
2662,Ledger Ahmed
2663,Musa Merritt
2664,Damari Lam
2665,Mark Gillespie
2666,Westin Bridges
2667,Landyn Bender
2668,Wilson Curry
2669,Kole Barry
2670,Ricky Suarez
2671,Conor Tang
2672,Izaiah Marquez
2673,Gavin Ho
2674,Samson Donovan
2675,Damien Waller
2676,Cesar Merritt
2677,Roberto Gibson
2678,Kyler Bailey
2679,Leon Cruz
2680,Julien Prince
2681,Arlo Raymond
2682,Casey Bond
2683,Jonas Hebert
2684,Dior Collins
2685,Devon Delarosa
2686,Patrick Payne
2687,Tatum Morales
2688,Skyler Corona
2689,Preston Burke
2690,Kayden Vang
2691,Grant Gibbs
2692,Westin Frye
2693,Andrew Mcmahon
2694,Axel Valentine
2695,Benedict Palmer
2696,Scott Vazquez
2697,Caspian Kaur
2698,Thomas Andersen
2699,Phoenix Chambers
2700,Donald Knox
2701,Adrian Hoffman
2702,Onyx Lewis
2703,Ricardo Cortez
2704,Tadeo Alfaro
2705,Winston Sanford
2706,Raylan Haynes
2707,Liam Leonard
2708,Alfonso Correa
2709,Leroy Shepard
2710,Darian Pratt
2711,Mccoy Griffin
2712,Tucker Cain
2713,Tru Hahn
2714,Erick Oneal
2715,Braden Beard
2716,Mordechai Nielsen
2717,Forrest Pruitt
2718,Santino Caldwell
2719,Brayden Estrada
2720,Flynn Estes
2721,Camden Singh
2722,Agustin Moss
2723,Johnny Serrano
2724,Elio Todd
2725,Reuben Powell
2726,Dante Lynn
2727,Omar Sloan
2728,Alex Mcfarland
2729,Thaddeus Nguyen
2730,Misael Hill
2731,Stanley Wyatt
2732,Kian Franco
2733,Mustafa Reynolds
2734,Liam Marquez
2735,Phoenix Monroe
2736,Josue French
2737,Aryan Bates
2738,Allen Myers
2739,Enzo Finley
2740,Baylor Knapp
2741,Zachariah Ball
2742,Bruce Hendricks
2743,Esteban Nicholson
2744,Lucca Ponce
2745,Samir Malone
2746,Layton Mendoza
2747,Houston Fitzpatrick
2748,Blaze Hahn
2749,Tripp Stone
2750,Nolan Holt
2751,Felix Barnes
2752,Blaine Allen
2753,Colby Love
2754,Luke Krueger
2755,Beau Christian
2756,Dakota Watts
2757,Marcel Stokes
2758,Conrad Sims
2759,Van Lyons
2760,Kylian Enriquez
2761,Ruben Carter
2762,Jeremias Huang
2763,Andrew Pineda
2764,Augustus Woodard
2765,Kason Massey
2766,Quinton Thomas
2767,Albert Washington
2768,Owen Mitchell
2769,Rey Newman
2770,Cory Wilkerson
2771,Zayn Ballard
2772,Corey Malone
2773,Hector Ross
2774,Dominic Carpenter
2775,Damian Carrillo
2776,George Rhodes
2777,Aydin Bowers
2778,Seth Schaefer
2779,Zakai Santiago
2780,Ayden Jenkins
2781,Ledger Beil
2782,Khalid Hubbard
2783,Cade Mccormick
2784,Finnley Mahoney
2785,Barrett Fitzpatrick
2786,Avery Bryant
2787,Kartier Patterson
2788,Michael Fox
2789,Major Sullivan
2790,Dorian Mcpherson
2791,Anderson Villa
2792,Cameron Huffman
2793,Joshua Sherman
2794,Rafael Guzman
2795,Camden Aguirre
2796,Houston Watkins
2797,Orlando Gould
2798,Benedict Soto
2799,Makai Peters
2800,Koda Snow
2801,Maxton Williamson
2802,Lawrence Martinez
2803,Eden Hall
2804,Jakobe Strickland
2805,Eugene Ray
2806,Edwin Pace
2807,Ethan Adams
2808,Leighton Maddox
2809,Jeremy Spence
2810,Lian Clarke
2811,Emmett Santos
2812,Damian Hester
2813,Ricky Valenzuela
2814,Russell Bullock
2815,Callen Escobar
2816,Dominick Gonzales
2817,Yaakov Wise
2818,Ryker Yates
2819,Eli Burns
2820,Peyton Meadows
2821,Jeremy Nunez
2822,Richard Russo
2823,Quentin Ball
2824,Camilo Lamb
2825,Colton Vu
2826,Seven Clark
2827,Damien Stevenson
2828,Royal Little
2829,Jamie Esparza
2830,Julius Montoya
2831,Evan Walsh
2832,Henrik Russell
2833,Manuel Harmon
2834,Eithan Mckenzie
2835,Jacoby Zimmerman
2836,Jeffrey Krueger
2837,Azael Patterson
2838,Henry Velez
2839,Lionel Boyer
2840,Jefferson Burton
2841,Greyson Chase
2842,Leonidas Estes
2843,Jaxxon Peterson
2844,Grant Pugh
2845,Alonzo Winters
2846,Rocco Guevara
2847,Jack Ellis
2848,Sylas Stone
2849,Lincoln Nolan
2850,Rowen Kelley
2851,Samson Raymond
2852,Trevor Mcguire
2853,Hugo Roberson
2854,Salem Cruz
2855,Gavin Morton
2856,Timothy Rodriguez
2857,Isaias Moody
2858,Dangelo Mcgee
2859,Benson Cruz
2860,Curtis Mullen
2861,Quentin Sparks
2862,Emory Hail
2863,Dalton Rubio
2864,Jesus Craig
2865,August Pratt
2866,Sincere Koch
2867,Bentley Blair
2868,Richard Patterson
2869,Eddie Powell
2870,Jedidiah Villegas
2871,Luciano Leal
2872,Hassan Obrien
2873,Clay Lambert
2874,Ricardo Short
2875,Trace Acosta
2876,Josue Arellano
2877,Jedidiah Knight
2878,Waylon Hughes
2879,Legend Herman
2880,Jesiah Vaughn
2881,Hassan Hickman
2882,Felipe Grant
2883,Princeton Mcclure
2884,Ridge Sparks
2885,Huxley Clarke
2886,Thomas Price
2887,Leandro Briggs
2888,Julius Allen
2889,Killian Schaefer
2890,Aries Tyler
2891,Sterling Hanna
2892,Raphael Hayden
2893,Seven Beck
2894,Jalen Hendricks
2895,Remington Foster
2896,Carmelo Mata
2897,Tripp Hobbs
2898,Yosef Hayes
2899,Derrick Boyd
2900,Brayan Velasquez
2901,Nico Cordova
2902,Hudson Mathis
2903,Thaddeus Hansen
2904,Arturo Livingston
2905,Aidan Johnson
2906,Gerardo Schmidt
2907,Mordechai Strong
2908,Colson Pope
2909,Trey Richardson
2910,Joaquin Novak
2911,Vance Rodriguez
2912,Lee Farley
2913,Kylan Donaldson
2914,Landen Estes
2915,Thatcher Castillo
2916,Boone Hernandez
2917,Davion Robbins
2918,Caleb Sampson
2919,Koda Baker
2920,Alexis Johnson
2921,Edison Frost
2922,Westley Bradley
2923,Wade Lewis
2924,Finnegan Salinas
2925,Davian Bell
2926,Kane Byrd
2927,Zyair Donovan
2928,William Hines
2929,John Warren
2930,Steven Fitzgerald
2931,Levi Juarez
2932,Salvador Bowen
2933,Rhett Saunders
2934,Armando Adkins
2935,Zyair Christensen
2936,Palmer Burton
2937,Remy Atkins
2938,Richard Mckinney
2939,Matias Hartman
2940,Royal Barry
2941,Andrew Cohen
2942,Abel Patterson
2943,George Curtis
2944,Joey Wilcox
2945,Jared Howard
2946,Anthony Massey
2947,Rocco Barry
2948,Anders Brooks
2949,Ermias Esquivel
2950,Nelson Butler
2951,Abel Hoover
2952,Jeremias Spencer
2953,Braxton Guevara
2954,George Nichols
2955,Dean Esparza
2956,Kole Atkinson
2957,Armando Hunt
2958,Izaiah Parsons
2959,Rey Walker
2960,Quinn Mosley
2961,Ray Brewer
2962,Jagger Lucero
2963,Oakley Swanson
2964,Jace Velez
2965,Justin Mcbride
2966,Jesus Harris
2967,Colin Robertson
2968,Zayd Walter
2969,Dallas Stevenson
2970,Camilo Wang
2971,James Alvarez
2972,Van Eaton
2973,Shepard Valencia
2974,Lian Bauer
2975,Michael Obrien
2976,Yahir Casey
2977,Angelo Bowen
2978,Jordan Diaz
2979,Augustus Bartlett
2980,Izaiah Villalobos
2981,Eli Conley
2982,Matthew Krueger
2983,Huxley Salgado
2984,Prince Mccarty
2985,Guillermo Rubio
2986,Blaze Villegas
2987,Benicio Conrad
2988,Lincoln Warner
2989,Sterling Lloyd
2990,Silas Garrett
2991,Jay Pham
2992,Antonio Mcpherson
2993,Raymond Benton
2994,John Ball
2995,Alexander Coleman
2996,Zeke Simon
2997,Loyal Wiggins
2998,Kristian Giles
2999,Niko Kelly
3000,Ricardo Pennington
3001,Harlem Norton
3002,Zayd Luna
3003,Arlo Sims
3004,Dariel Hamilton
3005,Archie Leal
3006,Memphis Harrison
3007,Trenton Woodard
3008,Bowen Prince
3009,Miles Benitez
3010,Houston Douglas
3011,Jefferson Sanders
3012,Winston Dodson
3013,Emmanuel Esparza
3014,Anderson Medina
3015,Eden Moss
3016,Briar Villalobos
3017,Alex Gardner
3018,Ira Massey
3019,Aziel Choi
3020,Jaxon Meza
3021,Shepard Gardner
3022,Albert Watkins
3023,Tobias Hunt
3024,Sawyer Moran
3025,Grayson Jones
3026,Layton Lester
3027,Paul Mullins
3028,Ridge Daugherty
3029,Stanley Mitchell
3030,Kyrie Shepherd
3031,Colter Kline
3032,Andres Kim
3033,Azariah Clements
3034,Roman Arroyo
3035,Sergio Bryan
3036,Zeke Blair
3037,Kenneth Chase
3038,Jonathan Burch
3039,Emmanuel Stevenson
3040,Dax Montes
3041,Diego Gordon
3042,Rayan Waters
3043,Brennan Warren
3044,Eliel Mcintyre
3045,Thaddeus Peters
3046,Vance Sheppard
3047,Jake Bartlett
3048,Jovanni Brady
3049,Crew Duffy
3050,Lucca Farmer
3051,Vincent Glover
3052,Brayden Bautista
3053,Philip Kline
3054,Van Bates
3055,Emory Santos
3056,Kingsley Mckee
3057,Seth Poole
3058,Cole Faulkner
3059,Cillian Medina
3060,Thaddeus Bowers
3061,Ryder Kemp
3062,Judson Mcmahon
3063,Braden Benjamin
3064,Wade Yoder
3065,Briar Collier
3066,Chris Holmes
3067,Jesus Espinosa
3068,Aldo Cameron
3069,Clayton Benton
3070,Albert Hodge
3071,Corbin Bishop
3072,Leo Oconnor
3073,Brendan Palacios
3074,Abdullah Moses
3075,Gael Robbins
3076,Iker Tucker
3077,Brody Shepard
3078,Hugh Elliott
3079,Alvaro Martinez
3080,Damir Barron
3081,Orion Frye
3082,Holden Thomas
3083,Trey Rocha
3084,Darren Kim
3085,Melvin Hardin
3086,Kamdyn Pace
3087,Zaid Shields
3088,Troy Landry
3089,Santos Rasmussen
3090,Easton Douglas
3091,Angelo Portillo
3092,Sterling Cummings
3093,Rhett Keith
3094,Ali Carrillo
3095,Jiraiya Robinson
3096,Jeremias Ramirez
3097,Titan Carlson
3098,Jeffrey Duncan
3099,Kenneth Shepard
3100,Colton Owens
3101,Leif Yu
3102,Jax Gray
3103,Jaxtyn Pittman
3104,Clyde Coffey
3105,Korbin Nicholson
3106,Bryan Guerrero
3107,Manuel David
3108,Vihaan Harding
3109,Zayn Humphrey
3110,Johan Hudson
3111,Jaiden Nguyen
3112,Marcellus Vu
3113,Koda Davis
3114,Jonah Stout
3115,Jonah Mcintosh
3116,Bronson Leonard
3117,Travis Truong
3118,Mohammad Donaldson
3119,Cassius Liu
3120,Bryce Fischer
3121,Mark Franco
3122,Isaac Shah
3123,Myles Chapman
3124,Keegan Wilkinson
3125,Tripp Dudley
3126,Angel Wood
3127,Mario Valenzuela
3128,Issac Hoover
3129,Sutton Magana
3130,Langston Weaver
3131,Drake Kirk
3132,Ayden Hancock
3133,Mathias Wall
3134,Ronan Hart
3135,Jaiden Romero
3136,Ford Cross
3137,Jamison Frank
3138,Peyton Moyer
3139,Edgar Mata
3140,Donald Peters
3141,Adler Osborne
3142,Frederick Jennings
3143,Chance Merritt
3144,Noe Guevara
3145,Branson Moss
3146,Zaid Watkins
3147,Elliott Baldwin
3148,Chandler Russo
3149,Princeton Clayton
3150,Musa Sanchez
3151,Reuben Person
3152,Asher Kirby
3153,Dakota Stafford
3154,Elias Dixon
3155,Alvin Henderson
3156,Elijah Hancock
3157,Antonio Black
3158,Lee Floyd
3159,Yaakov Everett
3160,Emanuel Morse
3161,Rafael Blackwell
3162,Alistair Kennedy
3163,Dante Lam
3164,Briggs Acevedo
3165,Dangelo Curtis
3166,Wesley Shepard
3167,Anakin Howell
3168,Brendan Mullins
3169,Wallace Murray
3170,Zavier Ward
3171,Darius Watson
