00009229,Test
00001544,Hunger games
00003067,Test
00009669,Hunger games
00003862,Hunger games
00004708,Hunger games
00005848,Test
00006335,Hunger games
00003697,Test
00006386,Hunger games
0000563:,Test
0000946:,Hunger games
00005753,Test
00009604,Test
0000652:,Test
00007995,Hunger games
0000847:,Test
00009017,Hunger games
00006929,Test
00001256,Hunger games
00006684,Test
00002113,Hunger games
00001247,Test
00008603,Test
00004848,Test
00003556,Test
0000343:,Hunger games
00005504,Test
00005562,Hunger games
00001613,Hunger games
00000705,Test
00004635,Hunger games
00004254,Hunger games
00007792,Hunger games
00002039,Test
00006796,Hunger games
00003325,Hunger games
00000722,Test
00000177,Hunger games
00006834,Hunger games
00002427,Test
00007289,Test
00001357,Hunger games
00003653,Test
00001533,Test
00008181,Test
00004361,Hunger games
00000939,Test
00006399,Hunger games
00007005,Test
00006611,Test
00006113,Test
00005394,Hunger games
00008996,Hunger games
00003727,Hunger games
00008151,Hunger games
00001254,Hunger games
00001391,Test
00005197,Test
00007508,Hunger games
00004214,Hunger games
00000246,Hunger games
00002674,Test
00005784,Hunger games
00007556,Test
00005942,Hunger games
00008132,Test
00003317,Test
00005078,Hunger games
00002035,Hunger games
00003695,Test
00002313,Test
00006435,Hunger games
00006473,Hunger games
00001935,Hunger games
0000918:,Test
00006651,Test
00001372,Test
00007497,Test
0000672:,Hunger games
00001696,Test
00001022,Test
00007439,Hunger games
00000807,Hunger games
00000556,Test
00007419,Test
00009831,Test
00007701,Hunger games
00009417,Test
00007754,Hunger games
00005731,Hunger games
00009981,Hunger games
00009112,Test
00004035,Hunger games
00000256,Test
00005333,Test
00003123,Test
00003631,Test
00009139,Hunger games
0000014:,Hunger games
00000359,Hunger games
00007395,Hunger games
00009347,Test
00000074,Test
00002037,Test
00002656,Hunger games
00000137,Test
00006855,Test
00004028,Test
00003623,Hunger games
00000702,Hunger games
00005242,Hunger games
00005286,Test
00005543,Test
00006656,Hunger games
00007789,Hunger games
0000870:,Hunger games
00001713,Hunger games
00003724,Test
0000290:,Test
00008813,Hunger games
00002174,Test
00003486,Hunger games
00009235,Test
0000551:,Hunger games
00005413,Hunger games
00007407,Hunger games
00007313,Test
0000766:,Test
00004385,Test
00002881,Hunger games
0000074:,Test
00004139,Test
00002964,Test
0000503:,Test
00000568,Hunger games
00002103,Test
00001015,Test
00000105,Test
00007164,Test
0000191:,Test
00003043,Hunger games
00005363,Hunger games
00002571,Test
00006201,Hunger games
00001562,Test
00004415,Hunger games
00001512,Test
00004281,Hunger games
00006387,Hunger games
00000486,Hunger games
00007516,Hunger games
00005086,Hunger games
00009328,Test
00005575,Test
00009738,Hunger games
00002931,Test
00003653,Hunger games
00009476,Test
00003405,Hunger games
00000334,Test
0000939:,Hunger games
00002648,Test
00004355,Test
00005825,Test
00001822,Hunger games
00005328,Hunger games
00003184,Hunger games
00000592,Hunger games
00000799,Test
00001311,Test
00008446,Test
00004841,Hunger games
00002096,Hunger games
00004068,Test
00005996,Test
00009116,Hunger games
00003222,Test
00004218,Test
00003724,Test
00003446,Test
00006076,Test
00009981,Hunger games
00000522,Hunger games
00006819,Test
00000698,Hunger games
00000198,Hunger games
0000530:,Test
00000846,Hunger games
00000154,Hunger games
00008057,Hunger games
00009614,Test
00002702,Test
00005821,Hunger games
00001824,Test
00004479,Hunger games
00002571,Test
0000475:,Hunger games
00001464,Hunger games
00000258,Test
