00007185,Hunger games
00001581,Test
00006495,Test
00006991,Test
00001778,Hunger games
0000378:,Test
00008956,Hunger games
00004077,Test
00003331,Hunger games
00005829,Test
00008985,Hunger games
00000436,Hunger games
00002037,Test
00009847,Hunger games
00009963,Test
00009185,Test
0000376:,Hunger games
00008807,Hunger games
00007921,Test
00000239,Hunger games
00008402,Test
0000964:,Hunger games
00007453,Test
0000113:,Hunger games
00007611,Hunger games
00000332,Hunger games
00000864,Test
00000616,Hunger games
00000209,Test
00008491,Hunger games
0000638:,Hunger games
00004326,Test
00009235,Test
00000473,Test
00006242,Test
00004778,Test
00004624,Test
0000099:,Test
00002054,Test
00000486,Hunger games
00009568,Test
0000898:,Test
00008988,Test
00001172,Test
00007565,Test
00006103,Hunger games
00007117,Hunger games
00005596,Hunger games
00000017,Hunger games
00008634,Test
00008877,Hunger games
0000153:,Hunger games
00006894,Hunger games
00002261,Hunger games
00006186,Test
00008351,Test
00009103,Hunger games
00007356,Test
00006317,Hunger games
00005936,Test
00004247,Test
00006615,Test
00009502,Hunger games
00001336,Hunger games
00005059,Hunger games
00005812,Hunger games
00008004,Hunger games
0000509:,Test
00002989,Hunger games
00009103,Test
00006281,Hunger games
00001221,Hunger games
00007087,Test
0000329:,Test
00007337,Hunger games
00002007,Hunger games
00000332,Test
00006888,Hunger games
0000856:,Hunger games
00008817,Hunger games
00002553,Hunger games
00009307,Hunger games
00004881,Hunger games
00006142,Hunger games
00004679,Hunger games
00001356,Hunger games
00004655,Test
00005102,Test
00006778,Hunger games
00005444,Test
00008687,Hunger games
00009334,Hunger games
00007995,Test
00005728,Hunger games
0000197:,Hunger games
00009381,Hunger games
00004118,Hunger games
00004635,Test
00001872,Hunger games
00006832,Hunger games
00003305,Test
00009991,Test
00007365,Test
00000586,Hunger games
00007276,Hunger games
00005075,Test
00004901,Hunger games
0000469:,Hunger games
00005668,Hunger games
00003853,Hunger games
00002549,Test
00005376,Test
00004577,Test
00003413,Hunger games
00001641,Hunger games
00001423,Hunger games
00008095,Hunger games
00008611,Hunger games
00002898,Test
0000264:,Hunger games
00001778,Hunger games
00008805,Hunger games
00009162,Hunger games
00005598,Hunger games
00005526,Hunger games
00005086,Test
00001786,Hunger games
00000791,Hunger games
00001583,Hunger games
00004331,Test
00002242,Test
00009409,Hunger games
00001704,Hunger games
00006041,Hunger games
00002031,Hunger games
00005716,Hunger games
0000968:,Hunger games
00008269,Test
00008015,Hunger games
00003964,Test
00009011,Test
00007955,Hunger games
0000029:,Test
00003333,Test
00002018,Hunger games
00008259,Hunger games
00003444,Hunger games
00004584,Hunger games
00007341,Test
00002495,Hunger games
00000161,Hunger games
00009604,Hunger games
00002505,Hunger games
00004778,Hunger games
00002552,Test
00005174,Hunger games
00006169,Test
00009124,Hunger games
00001876,Test
00009574,Hunger games
00008315,Test
00000805,Test
00004624,Test
00002814,Test
0000318:,Hunger games
00007564,Hunger games
00008975,Test
0000974:,Hunger games
00001788,Hunger games
00009077,Test
00005526,Hunger games
00007714,Hunger games
00002462,Hunger games
00001562,Test
00007018,Test
0000786:,Test
00003919,Hunger games
0000428:,Test
00007851,Test
00009796,Hunger games
00001515,Test
00003153,Hunger games
00004002,Test
00001973,Test
00003696,Hunger games
00006282,Hunger games
00000591,Test
00007987,Hunger games
00001546,Test
00001939,Hunger games
00008065,Test
0000911:,Test
00005989,Hunger games
00007345,Test
00005945,Test
00003852,Hunger games
00008829,Test
00001464,Hunger games
00001847,Test
00007476,Test
