1,50,madness
2,83,howard breeding
3,40,dealtime electrical
4,175,entrepreneurs roller ds
5,53,goes supplied russia lauren
6,139,pete bernard
7,181,prev hospitality villa sean nationally
8,3,bite established turned
9,142,alexandria grip flip elizabeth
10,24,garden transition spray blocking tunisia
11,156,principal jesus vaccine ou
12,196,attempting directed adaptor disks
13,104,proudly probably dedicated
14,194,sunday means
15,41,circular tours long live monster
16,22,enrollment jc
17,126,speak screensaver
18,103,springs bill councils heat
19,96,worked
20,95,acc share guilty
21,92,aj
22,183,circles emissions bases ind questionnaire
23,38,gazette tvcom melbourne boats regards
24,123,trust make married nickname dot
25,34,ultra earthquake
27,121,observe dallas lending  striking
28,177,picture
30,167,mariah ae impaired
31,163,estimation sunglasses nepal courage permitted
32,42,beans obligations
33,93,rc hazardous maximum welding opportunity
37,124,plans how
39,127,relationship arguments loss brass intermediate
40,73,bin
41,136,posted complement
42,79,are ur
43,200,face demands singh floating appreciation
44,145,bangladesh qualify enquiry
45,76,irish multi treatments apparently
46,131,inform hired pn dense
47,113,italia
48,188,hollow
49,49,independent ozone choice casey cattle
51,102,bug
53,46,min armstrong spank extraordinary kick
54,36,near oclc
55,72,inspection granny scheduled settle
56,165,reductions computing coated
57,112,covered
58,192,temp
